[{"model": "admin.logentry", "pk": 1, "fields": {"action_time": "2025-08-28T08:50:54.506Z", "user": 1, "content_type": 7, "object_id": "1", "object_repr": "BaseUrl object (1)", "action_flag": 1, "change_message": "[{\"added\": {}}]"}}, {"model": "admin.logentry", "pk": 2, "fields": {"action_time": "2025-08-28T08:56:07.185Z", "user": 1, "content_type": 15, "object_id": "1", "object_repr": "This is blog tilte to test the typrography and integratoi for the blog componnet and i will do it on my own.", "action_flag": 1, "change_message": "[{\"added\": {}}]"}}, {"model": "admin.logentry", "pk": 3, "fields": {"action_time": "2025-08-28T09:00:33.085Z", "user": 1, "content_type": 9, "object_id": "1", "object_repr": "Jewellery Rolling Machines", "action_flag": 1, "change_message": "[{\"added\": {}}]"}}, {"model": "admin.logentry", "pk": 4, "fields": {"action_time": "2025-08-28T09:04:26.757Z", "user": 1, "content_type": 9, "object_id": "2", "object_repr": "Wire Drawing Machines", "action_flag": 1, "change_message": "[{\"added\": {}}]"}}, {"model": "admin.logentry", "pk": 5, "fields": {"action_time": "2025-08-28T09:10:30.593Z", "user": 1, "content_type": 12, "object_id": "1", "object_repr": "6 Pass Wire Drawing Machine", "action_flag": 1, "change_message": "[{\"added\": {}}]"}}, {"model": "admin.logentry", "pk": 6, "fields": {"action_time": "2025-08-28T09:12:01.443Z", "user": 1, "content_type": 13, "object_id": "1", "object_repr": "ProductDescription object (1)", "action_flag": 1, "change_message": "[{\"added\": {}}]"}}, {"model": "admin.logentry", "pk": 7, "fields": {"action_time": "2025-08-28T09:12:18.048Z", "user": 1, "content_type": 14, "object_id": "1", "object_repr": "ProductImage object (1)", "action_flag": 1, "change_message": "[{\"added\": {}}]"}}, {"model": "admin.logentry", "pk": 8, "fields": {"action_time": "2025-08-28T09:12:29.145Z", "user": 1, "content_type": 14, "object_id": "2", "object_repr": "ProductImage object (2)", "action_flag": 1, "change_message": "[{\"added\": {}}]"}}, {"model": "admin.logentry", "pk": 9, "fields": {"action_time": "2025-08-28T09:12:39.144Z", "user": 1, "content_type": 14, "object_id": "3", "object_repr": "ProductImage object (3)", "action_flag": 1, "change_message": "[{\"added\": {}}]"}}, {"model": "admin.logentry", "pk": 10, "fields": {"action_time": "2025-08-28T10:43:47.382Z", "user": 1, "content_type": 16, "object_id": "1", "object_repr": "HeroImages object (1)", "action_flag": 1, "change_message": "[{\"added\": {}}]"}}, {"model": "admin.logentry", "pk": 11, "fields": {"action_time": "2025-08-28T10:43:55.105Z", "user": 1, "content_type": 16, "object_id": "2", "object_repr": "HeroImages object (2)", "action_flag": 1, "change_message": "[{\"added\": {}}]"}}, {"model": "admin.logentry", "pk": 12, "fields": {"action_time": "2025-08-28T10:44:01.915Z", "user": 1, "content_type": 16, "object_id": "3", "object_repr": "HeroImages object (3)", "action_flag": 1, "change_message": "[{\"added\": {}}]"}}, {"model": "admin.logentry", "pk": 13, "fields": {"action_time": "2025-08-28T10:50:11.600Z", "user": 1, "content_type": 17, "object_id": "1", "object_repr": "Gallery object (1)", "action_flag": 1, "change_message": "[{\"added\": {}}]"}}, {"model": "admin.logentry", "pk": 14, "fields": {"action_time": "2025-08-28T10:50:20.769Z", "user": 1, "content_type": 17, "object_id": "2", "object_repr": "Gallery object (2)", "action_flag": 1, "change_message": "[{\"added\": {}}]"}}, {"model": "admin.logentry", "pk": 15, "fields": {"action_time": "2025-08-28T10:50:29.865Z", "user": 1, "content_type": 17, "object_id": "3", "object_repr": "Gallery object (3)", "action_flag": 1, "change_message": "[{\"added\": {}}]"}}, {"model": "admin.logentry", "pk": 16, "fields": {"action_time": "2025-08-28T10:52:22.096Z", "user": 1, "content_type": 18, "object_id": "1", "object_repr": "Nikhil", "action_flag": 1, "change_message": "[{\"added\": {}}]"}}, {"model": "admin.logentry", "pk": 17, "fields": {"action_time": "2025-08-28T10:53:40.115Z", "user": 1, "content_type": 18, "object_id": "2", "object_repr": "Khushi", "action_flag": 1, "change_message": "[{\"added\": {}}]"}}, {"model": "admin.logentry", "pk": 18, "fields": {"action_time": "2025-08-28T10:54:12.099Z", "user": 1, "content_type": 18, "object_id": "2", "object_repr": "Khushi", "action_flag": 2, "change_message": "[{\"changed\": {\"fields\": [\"Position\", \"Company\"]}}]"}}, {"model": "admin.logentry", "pk": 19, "fields": {"action_time": "2025-08-28T10:55:21.455Z", "user": 1, "content_type": 19, "object_id": "1", "object_repr": "ClientLogo object (1)", "action_flag": 1, "change_message": "[{\"added\": {}}]"}}, {"model": "admin.logentry", "pk": 20, "fields": {"action_time": "2025-08-28T10:55:28.367Z", "user": 1, "content_type": 19, "object_id": "2", "object_repr": "ClientLogo object (2)", "action_flag": 1, "change_message": "[{\"added\": {}}]"}}, {"model": "admin.logentry", "pk": 21, "fields": {"action_time": "2025-08-28T10:55:33.479Z", "user": 1, "content_type": 19, "object_id": "3", "object_repr": "ClientLogo object (3)", "action_flag": 1, "change_message": "[{\"added\": {}}]"}}, {"model": "admin.logentry", "pk": 22, "fields": {"action_time": "2025-08-28T10:55:39.802Z", "user": 1, "content_type": 19, "object_id": "4", "object_repr": "ClientLogo object (4)", "action_flag": 1, "change_message": "[{\"added\": {}}]"}}, {"model": "admin.logentry", "pk": 23, "fields": {"action_time": "2025-08-28T10:55:44.704Z", "user": 1, "content_type": 19, "object_id": "5", "object_repr": "ClientLogo object (5)", "action_flag": 1, "change_message": "[{\"added\": {}}]"}}, {"model": "admin.logentry", "pk": 24, "fields": {"action_time": "2025-08-28T12:14:20.514Z", "user": 1, "content_type": 16, "object_id": "1", "object_repr": "HeroImages object (1)", "action_flag": 2, "change_message": "[{\"changed\": {\"fields\": [\"Image\"]}}]"}}, {"model": "admin.logentry", "pk": 25, "fields": {"action_time": "2025-08-28T12:14:26.740Z", "user": 1, "content_type": 16, "object_id": "2", "object_repr": "HeroImages object (2)", "action_flag": 2, "change_message": "[{\"changed\": {\"fields\": [\"Image\"]}}]"}}, {"model": "admin.logentry", "pk": 26, "fields": {"action_time": "2025-08-28T12:14:32.376Z", "user": 1, "content_type": 16, "object_id": "3", "object_repr": "HeroImages object (3)", "action_flag": 2, "change_message": "[{\"changed\": {\"fields\": [\"Image\"]}}]"}}, {"model": "admin.logentry", "pk": 27, "fields": {"action_time": "2025-08-28T12:46:25.587Z", "user": 1, "content_type": 12, "object_id": "2", "object_repr": "5 x 2.5 Double Head Indo Chain Rolling Machine", "action_flag": 1, "change_message": "[{\"added\": {}}]"}}, {"model": "admin.logentry", "pk": 28, "fields": {"action_time": "2025-08-28T12:46:26.598Z", "user": 1, "content_type": 12, "object_id": "3", "object_repr": "5” x 2.5” Single Head Wire or Sheet Rolling Machine", "action_flag": 1, "change_message": "[{\"added\": {}}]"}}, {"model": "admin.logentry", "pk": 29, "fields": {"action_time": "2025-08-28T12:46:42.014Z", "user": 1, "content_type": 14, "object_id": "4", "object_repr": "ProductImage object (4)", "action_flag": 1, "change_message": "[{\"added\": {}}]"}}, {"model": "admin.logentry", "pk": 30, "fields": {"action_time": "2025-08-28T12:46:47.579Z", "user": 1, "content_type": 14, "object_id": "5", "object_repr": "ProductImage object (5)", "action_flag": 1, "change_message": "[{\"added\": {}}]"}}, {"model": "admin.logentry", "pk": 31, "fields": {"action_time": "2025-08-28T12:46:51.610Z", "user": 1, "content_type": 14, "object_id": "6", "object_repr": "ProductImage object (6)", "action_flag": 1, "change_message": "[{\"added\": {}}]"}}, {"model": "admin.logentry", "pk": 32, "fields": {"action_time": "2025-08-28T12:46:57.621Z", "user": 1, "content_type": 14, "object_id": "7", "object_repr": "ProductImage object (7)", "action_flag": 1, "change_message": "[{\"added\": {}}]"}}, {"model": "admin.logentry", "pk": 33, "fields": {"action_time": "2025-08-28T12:47:10.518Z", "user": 1, "content_type": 14, "object_id": "8", "object_repr": "ProductImage object (8)", "action_flag": 1, "change_message": "[{\"added\": {}}]"}}, {"model": "admin.logentry", "pk": 34, "fields": {"action_time": "2025-08-28T12:48:52.240Z", "user": 1, "content_type": 13, "object_id": "2", "object_repr": "ProductDescription object (2)", "action_flag": 1, "change_message": "[{\"added\": {}}]"}}, {"model": "admin.logentry", "pk": 35, "fields": {"action_time": "2025-08-28T12:49:21.095Z", "user": 1, "content_type": 13, "object_id": "3", "object_repr": "ProductDescription object (3)", "action_flag": 1, "change_message": "[{\"added\": {}}]"}}, {"model": "admin.logentry", "pk": 36, "fields": {"action_time": "2025-08-29T06:42:36.516Z", "user": 1, "content_type": 9, "object_id": "3", "object_repr": "Hydraulic Press Machines", "action_flag": 1, "change_message": "[{\"added\": {}}]"}}, {"model": "admin.logentry", "pk": 37, "fields": {"action_time": "2025-08-29T06:54:43.768Z", "user": 1, "content_type": 12, "object_id": "4", "object_repr": "15 Ton Hydraulic Press Machine", "action_flag": 1, "change_message": "[{\"added\": {}}]"}}, {"model": "admin.logentry", "pk": 38, "fields": {"action_time": "2025-08-29T06:55:05.687Z", "user": 1, "content_type": 14, "object_id": "9", "object_repr": "ProductImage object (9)", "action_flag": 1, "change_message": "[{\"added\": {}}]"}}, {"model": "admin.logentry", "pk": 39, "fields": {"action_time": "2025-08-29T06:56:04.894Z", "user": 1, "content_type": 13, "object_id": "4", "object_repr": "ProductDescription object (4)", "action_flag": 1, "change_message": "[{\"added\": {}}]"}}, {"model": "admin.logentry", "pk": 40, "fields": {"action_time": "2025-08-29T08:13:34.583Z", "user": 1, "content_type": 9, "object_id": "4", "object_repr": "Bench Draw Machines", "action_flag": 1, "change_message": "[{\"added\": {}}]"}}, {"model": "admin.logentry", "pk": 41, "fields": {"action_time": "2025-08-29T08:26:26.044Z", "user": 1, "content_type": 12, "object_id": "5", "object_repr": "10 Foot Bench Draw Machine", "action_flag": 1, "change_message": "[{\"added\": {}}]"}}, {"model": "admin.logentry", "pk": 42, "fields": {"action_time": "2025-08-29T08:48:36.069Z", "user": 1, "content_type": 12, "object_id": "6", "object_repr": "\"5” x 2.5” Single Head Rolling Machine", "action_flag": 1, "change_message": "[{\"added\": {}}]"}}, {"model": "admin.logentry", "pk": 43, "fields": {"action_time": "2025-08-29T08:50:04.820Z", "user": 1, "content_type": 13, "object_id": "5", "object_repr": "ProductDescription object (5)", "action_flag": 1, "change_message": "[{\"added\": {}}]"}}, {"model": "admin.logentry", "pk": 44, "fields": {"action_time": "2025-08-29T08:50:58.266Z", "user": 1, "content_type": 13, "object_id": "6", "object_repr": "ProductDescription object (6)", "action_flag": 1, "change_message": "[{\"added\": {}}]"}}, {"model": "admin.logentry", "pk": 45, "fields": {"action_time": "2025-08-29T08:52:50.640Z", "user": 1, "content_type": 14, "object_id": "10", "object_repr": "ProductImage object (10)", "action_flag": 1, "change_message": "[{\"added\": {}}]"}}, {"model": "admin.logentry", "pk": 46, "fields": {"action_time": "2025-08-29T08:53:34.163Z", "user": 1, "content_type": 14, "object_id": "10", "object_repr": "ProductImage object (10)", "action_flag": 2, "change_message": "[]"}}, {"model": "admin.logentry", "pk": 47, "fields": {"action_time": "2025-08-29T08:53:48.429Z", "user": 1, "content_type": 13, "object_id": "5", "object_repr": "ProductDescription object (5)", "action_flag": 2, "change_message": "[]"}}, {"model": "admin.logentry", "pk": 48, "fields": {"action_time": "2025-08-29T08:54:17.434Z", "user": 1, "content_type": 14, "object_id": "10", "object_repr": "ProductImage object (10)", "action_flag": 2, "change_message": "[]"}}, {"model": "admin.logentry", "pk": 49, "fields": {"action_time": "2025-08-29T08:56:54.785Z", "user": 1, "content_type": 12, "object_id": "6", "object_repr": "5” x 2.5” Single Head Rolling Machine", "action_flag": 2, "change_message": "[{\"changed\": {\"fields\": [\"Name\"]}}]"}}, {"model": "admin.logentry", "pk": 50, "fields": {"action_time": "2025-08-29T08:57:39.572Z", "user": 1, "content_type": 12, "object_id": "6", "object_repr": "5” x 2.5” Single Head Rolling Machine", "action_flag": 2, "change_message": "[{\"changed\": {\"fields\": [\"Image\"]}}]"}}, {"model": "admin.logentry", "pk": 51, "fields": {"action_time": "2025-08-29T09:08:09.618Z", "user": 1, "content_type": 12, "object_id": "7", "object_repr": "\"5” x 2.5” Double Head Wire & Sheet Rolling Machine", "action_flag": 1, "change_message": "[{\"added\": {}}]"}}, {"model": "admin.logentry", "pk": 52, "fields": {"action_time": "2025-08-29T09:09:02.360Z", "user": 1, "content_type": 14, "object_id": "11", "object_repr": "ProductImage object (11)", "action_flag": 1, "change_message": "[{\"added\": {}}]"}}, {"model": "admin.logentry", "pk": 53, "fields": {"action_time": "2025-08-29T09:09:28.104Z", "user": 1, "content_type": 13, "object_id": "7", "object_repr": "ProductDescription object (7)", "action_flag": 1, "change_message": "[{\"added\": {}}]"}}, {"model": "admin.logentry", "pk": 54, "fields": {"action_time": "2025-08-29T09:17:57.092Z", "user": 1, "content_type": 12, "object_id": "8", "object_repr": "\"5” x 2.5” Double Head Square/Hollow/Indo Chain Rolling Machine (WSD125)", "action_flag": 1, "change_message": "[{\"added\": {}}]"}}, {"model": "admin.logentry", "pk": 55, "fields": {"action_time": "2025-08-29T09:19:18.295Z", "user": 1, "content_type": 14, "object_id": "12", "object_repr": "ProductImage object (12)", "action_flag": 1, "change_message": "[{\"added\": {}}]"}}, {"model": "admin.logentry", "pk": 56, "fields": {"action_time": "2025-08-29T09:19:47.365Z", "user": 1, "content_type": 13, "object_id": "8", "object_repr": "ProductDescription object (8)", "action_flag": 1, "change_message": "[{\"added\": {}}]"}}, {"model": "admin.logentry", "pk": 57, "fields": {"action_time": "2025-08-29T09:25:41.222Z", "user": 1, "content_type": 12, "object_id": "9", "object_repr": "\"5” x 2.5” Double Head Wire & Sheet Rolling Machine (Heavy Frame)", "action_flag": 1, "change_message": "[{\"added\": {}}]"}}, {"model": "admin.logentry", "pk": 58, "fields": {"action_time": "2025-08-29T09:26:48.453Z", "user": 1, "content_type": 14, "object_id": "13", "object_repr": "ProductImage object (13)", "action_flag": 1, "change_message": "[{\"added\": {}}]"}}, {"model": "admin.logentry", "pk": 59, "fields": {"action_time": "2025-08-29T09:27:26.058Z", "user": 1, "content_type": 13, "object_id": "9", "object_repr": "ProductDescription object (9)", "action_flag": 1, "change_message": "[{\"added\": {}}]"}}, {"model": "admin.logentry", "pk": 60, "fields": {"action_time": "2025-08-29T09:34:41.679Z", "user": 1, "content_type": 12, "object_id": "10", "object_repr": "\"6” x 3” Single Head Wire or Sheet Rolling Machine", "action_flag": 1, "change_message": "[{\"added\": {}}]"}}, {"model": "admin.logentry", "pk": 61, "fields": {"action_time": "2025-08-29T09:35:19.328Z", "user": 1, "content_type": 14, "object_id": "14", "object_repr": "ProductImage object (14)", "action_flag": 1, "change_message": "[{\"added\": {}}]"}}, {"model": "admin.logentry", "pk": 62, "fields": {"action_time": "2025-08-29T09:35:42.549Z", "user": 1, "content_type": 13, "object_id": "10", "object_repr": "ProductDescription object (10)", "action_flag": 1, "change_message": "[{\"added\": {}}]"}}, {"model": "admin.logentry", "pk": 63, "fields": {"action_time": "2025-08-29T10:08:30.983Z", "user": 1, "content_type": 12, "object_id": "11", "object_repr": "\"6” x 3” Double Head Wire & Sheet Rolling Machine", "action_flag": 1, "change_message": "[{\"added\": {}}]"}}, {"model": "admin.logentry", "pk": 64, "fields": {"action_time": "2025-08-29T10:08:53.545Z", "user": 1, "content_type": 14, "object_id": "15", "object_repr": "ProductImage object (15)", "action_flag": 1, "change_message": "[{\"added\": {}}]"}}, {"model": "admin.logentry", "pk": 65, "fields": {"action_time": "2025-08-29T10:09:20.639Z", "user": 1, "content_type": 13, "object_id": "11", "object_repr": "ProductDescription object (11)", "action_flag": 1, "change_message": "[{\"added\": {}}]"}}, {"model": "admin.logentry", "pk": 66, "fields": {"action_time": "2025-08-29T10:14:50.847Z", "user": 1, "content_type": 12, "object_id": "12", "object_repr": "\"6” x 4” Double Head Wire & Sheet Rolling Machine", "action_flag": 1, "change_message": "[{\"added\": {}}]"}}, {"model": "admin.logentry", "pk": 67, "fields": {"action_time": "2025-08-29T10:15:19.013Z", "user": 1, "content_type": 14, "object_id": "16", "object_repr": "ProductImage object (16)", "action_flag": 1, "change_message": "[{\"added\": {}}]"}}, {"model": "admin.logentry", "pk": 68, "fields": {"action_time": "2025-08-29T10:15:48.346Z", "user": 1, "content_type": 13, "object_id": "12", "object_repr": "ProductDescription object (12)", "action_flag": 1, "change_message": "[{\"added\": {}}]"}}, {"model": "admin.logentry", "pk": 69, "fields": {"action_time": "2025-08-29T11:30:12.628Z", "user": 1, "content_type": 15, "object_id": "2", "object_repr": "Revolutionizing Jewelry Manufacturing with Precision Machinery", "action_flag": 1, "change_message": "[{\"added\": {}}]"}}, {"model": "admin.logentry", "pk": 70, "fields": {"action_time": "2025-08-29T11:47:50.925Z", "user": 1, "content_type": 15, "object_id": "2", "object_repr": "Revolutionizing Jewelry Manufacturing with Precision Machinery", "action_flag": 2, "change_message": "[{\"changed\": {\"fields\": [\"Discription\"]}}]"}}, {"model": "admin.logentry", "pk": 71, "fields": {"action_time": "2025-09-01T06:45:06.628Z", "user": 1, "content_type": 12, "object_id": "13", "object_repr": "\"6” x 4” Single Head Sheet Rolling Machine", "action_flag": 1, "change_message": "[{\"added\": {}}]"}}, {"model": "admin.logentry", "pk": 72, "fields": {"action_time": "2025-09-01T06:45:33.560Z", "user": 1, "content_type": 14, "object_id": "17", "object_repr": "ProductImage object (17)", "action_flag": 1, "change_message": "[{\"added\": {}}]"}}, {"model": "admin.logentry", "pk": 73, "fields": {"action_time": "2025-09-01T06:47:15.393Z", "user": 1, "content_type": 13, "object_id": "13", "object_repr": "ProductDescription object (13)", "action_flag": 1, "change_message": "[{\"added\": {}}]"}}, {"model": "admin.logentry", "pk": 74, "fields": {"action_time": "2025-09-01T06:54:44.598Z", "user": 1, "content_type": 12, "object_id": "14", "object_repr": "8” x 4” Single Head Sheet Rolling Machine", "action_flag": 1, "change_message": "[{\"added\": {}}]"}}, {"model": "admin.logentry", "pk": 75, "fields": {"action_time": "2025-09-01T06:57:08.691Z", "user": 1, "content_type": 14, "object_id": "18", "object_repr": "ProductImage object (18)", "action_flag": 1, "change_message": "[{\"added\": {}}]"}}, {"model": "admin.logentry", "pk": 76, "fields": {"action_time": "2025-09-01T06:57:40.932Z", "user": 1, "content_type": 13, "object_id": "14", "object_repr": "ProductDescription object (14)", "action_flag": 1, "change_message": "[{\"added\": {}}]"}}, {"model": "admin.logentry", "pk": 77, "fields": {"action_time": "2025-09-01T07:08:01.561Z", "user": 1, "content_type": 12, "object_id": "15", "object_repr": "8” x 4” Double Head Wire & Sheet Rolling Machine", "action_flag": 1, "change_message": "[{\"added\": {}}]"}}, {"model": "admin.logentry", "pk": 78, "fields": {"action_time": "2025-09-01T07:08:33.779Z", "user": 1, "content_type": 14, "object_id": "19", "object_repr": "ProductImage object (19)", "action_flag": 1, "change_message": "[{\"added\": {}}]"}}, {"model": "admin.logentry", "pk": 79, "fields": {"action_time": "2025-09-01T07:08:59.377Z", "user": 1, "content_type": 13, "object_id": "15", "object_repr": "ProductDescription object (15)", "action_flag": 1, "change_message": "[{\"added\": {}}]"}}, {"model": "admin.logentry", "pk": 80, "fields": {"action_time": "2025-09-01T07:32:42.418Z", "user": 1, "content_type": 12, "object_id": "16", "object_repr": "8” x 6” Double Head Sheet Rolling Machine", "action_flag": 1, "change_message": "[{\"added\": {}}]"}}, {"model": "admin.logentry", "pk": 81, "fields": {"action_time": "2025-09-01T07:33:08.876Z", "user": 1, "content_type": 14, "object_id": "20", "object_repr": "ProductImage object (20)", "action_flag": 1, "change_message": "[{\"added\": {}}]"}}, {"model": "admin.logentry", "pk": 82, "fields": {"action_time": "2025-09-01T07:35:45.532Z", "user": 1, "content_type": 13, "object_id": "16", "object_repr": "ProductDescription object (16)", "action_flag": 1, "change_message": "[{\"added\": {}}]"}}, {"model": "admin.logentry", "pk": 83, "fields": {"action_time": "2025-09-04T09:30:16.619Z", "user": 1, "content_type": 12, "object_id": "1", "object_repr": "6 Pass Wire Drawing Machine", "action_flag": 2, "change_message": "[{\"changed\": {\"fields\": [\"Warranty\"]}}]"}}, {"model": "admin.logentry", "pk": 84, "fields": {"action_time": "2025-09-04T09:30:28.732Z", "user": 1, "content_type": 12, "object_id": "2", "object_repr": "5 x 2.5 Double Head Indo Chain Rolling Machine", "action_flag": 2, "change_message": "[{\"changed\": {\"fields\": [\"Warranty\"]}}]"}}, {"model": "admin.logentry", "pk": 85, "fields": {"action_time": "2025-09-04T09:30:37.076Z", "user": 1, "content_type": 12, "object_id": "3", "object_repr": "5” x 2.5” Single Head Wire or Sheet Rolling Machine", "action_flag": 2, "change_message": "[]"}}, {"model": "admin.logentry", "pk": 86, "fields": {"action_time": "2025-09-04T09:30:45.924Z", "user": 1, "content_type": 12, "object_id": "4", "object_repr": "15 Ton Hydraulic Press Machine", "action_flag": 2, "change_message": "[{\"changed\": {\"fields\": [\"Warranty\"]}}]"}}, {"model": "admin.logentry", "pk": 87, "fields": {"action_time": "2025-09-04T09:30:54.038Z", "user": 1, "content_type": 12, "object_id": "5", "object_repr": "10 Foot Bench Draw Machine", "action_flag": 2, "change_message": "[]"}}, {"model": "admin.logentry", "pk": 88, "fields": {"action_time": "2025-09-04T09:31:04.025Z", "user": 1, "content_type": 12, "object_id": "6", "object_repr": "5” x 2.5” Single Head Rolling Machine", "action_flag": 2, "change_message": "[{\"changed\": {\"fields\": [\"Warranty\"]}}]"}}, {"model": "admin.logentry", "pk": 89, "fields": {"action_time": "2025-09-04T09:31:10.871Z", "user": 1, "content_type": 12, "object_id": "7", "object_repr": "\"5” x 2.5” Double Head Wire & Sheet Rolling Machine", "action_flag": 2, "change_message": "[]"}}, {"model": "admin.logentry", "pk": 90, "fields": {"action_time": "2025-09-04T09:31:19.121Z", "user": 1, "content_type": 12, "object_id": "8", "object_repr": "\"5” x 2.5” Double Head Square/Hollow/Indo Chain Rolling Machine (WSD125)", "action_flag": 2, "change_message": "[{\"changed\": {\"fields\": [\"Warranty\"]}}]"}}, {"model": "admin.logentry", "pk": 91, "fields": {"action_time": "2025-09-04T09:31:31.839Z", "user": 1, "content_type": 12, "object_id": "9", "object_repr": "\"5” x 2.5” Double Head Wire & Sheet Rolling Machine (Heavy Frame)", "action_flag": 2, "change_message": "[{\"changed\": {\"fields\": [\"Warranty\"]}}]"}}, {"model": "admin.logentry", "pk": 92, "fields": {"action_time": "2025-09-04T09:31:37.833Z", "user": 1, "content_type": 12, "object_id": "10", "object_repr": "\"6” x 3” Single Head Wire or Sheet Rolling Machine", "action_flag": 2, "change_message": "[]"}}, {"model": "admin.logentry", "pk": 93, "fields": {"action_time": "2025-09-04T09:31:53.224Z", "user": 1, "content_type": 12, "object_id": "11", "object_repr": "\"6” x 3” Double Head Wire & Sheet Rolling Machine", "action_flag": 2, "change_message": "[{\"changed\": {\"fields\": [\"Warranty\"]}}]"}}, {"model": "admin.logentry", "pk": 94, "fields": {"action_time": "2025-09-04T09:32:03.612Z", "user": 1, "content_type": 12, "object_id": "12", "object_repr": "\"6” x 4” Double Head Wire & Sheet Rolling Machine", "action_flag": 2, "change_message": "[{\"changed\": {\"fields\": [\"Warranty\"]}}]"}}, {"model": "admin.logentry", "pk": 95, "fields": {"action_time": "2025-09-04T09:32:25.515Z", "user": 1, "content_type": 12, "object_id": "14", "object_repr": "8” x 4” Single Head Sheet Rolling Machine", "action_flag": 2, "change_message": "[{\"changed\": {\"fields\": [\"Warranty\"]}}]"}}, {"model": "admin.logentry", "pk": 96, "fields": {"action_time": "2025-09-04T09:32:32.825Z", "user": 1, "content_type": 12, "object_id": "15", "object_repr": "8” x 4” Double Head Wire & Sheet Rolling Machine", "action_flag": 2, "change_message": "[{\"changed\": {\"fields\": [\"Warranty\"]}}]"}}, {"model": "admin.logentry", "pk": 97, "fields": {"action_time": "2025-09-04T09:32:42.263Z", "user": 1, "content_type": 12, "object_id": "16", "object_repr": "8” x 6” Double Head Sheet Rolling Machine", "action_flag": 2, "change_message": "[{\"changed\": {\"fields\": [\"Warranty\"]}}]"}}, {"model": "admin.logentry", "pk": 98, "fields": {"action_time": "2025-09-04T09:34:21.764Z", "user": 1, "content_type": 12, "object_id": "13", "object_repr": "\"6” x 4” Single Head Sheet Rolling Machine", "action_flag": 2, "change_message": "[{\"changed\": {\"fields\": [\"Warranty\"]}}]"}}, {"model": "admin.logentry", "pk": 99, "fields": {"action_time": "2025-09-08T10:43:32.052Z", "user": 1, "content_type": 22, "object_id": "1", "object_repr": "ProductBroucher object (1)", "action_flag": 1, "change_message": "[{\"added\": {}}]"}}, {"model": "admin.logentry", "pk": 100, "fields": {"action_time": "2025-09-08T10:45:18.655Z", "user": 1, "content_type": 21, "object_id": "1", "object_repr": "HomeVideo object (1)", "action_flag": 1, "change_message": "[{\"added\": {}}]"}}, {"model": "admin.logentry", "pk": 101, "fields": {"action_time": "2025-09-08T10:53:40.942Z", "user": 1, "content_type": 22, "object_id": "1", "object_repr": "ProductBroucher object (1)", "action_flag": 2, "change_message": "[{\"changed\": {\"fields\": [\"File\"]}}]"}}, {"model": "admin.logentry", "pk": 102, "fields": {"action_time": "2025-09-08T10:54:02.502Z", "user": 1, "content_type": 21, "object_id": "1", "object_repr": "HomeVideo object (1)", "action_flag": 2, "change_message": "[{\"changed\": {\"fields\": [\"Video\", \"Fallback\"]}}]"}}, {"model": "admin.logentry", "pk": 103, "fields": {"action_time": "2025-09-09T09:30:46.092Z", "user": 1, "content_type": 12, "object_id": "17", "object_repr": "SS300 Single Head Sheet Rolling Machine", "action_flag": 1, "change_message": "[{\"added\": {}}]"}}, {"model": "admin.logentry", "pk": 104, "fields": {"action_time": "2025-09-09T09:31:21.700Z", "user": 1, "content_type": 12, "object_id": "17", "object_repr": "SS300 Single Head Sheet Rolling Machine", "action_flag": 2, "change_message": "[{\"changed\": {\"fields\": [\"Image\"]}}]"}}, {"model": "admin.logentry", "pk": 105, "fields": {"action_time": "2025-09-09T09:31:40.699Z", "user": 1, "content_type": 14, "object_id": "21", "object_repr": "ProductImage object (21)", "action_flag": 1, "change_message": "[{\"added\": {}}]"}}, {"model": "admin.logentry", "pk": 106, "fields": {"action_time": "2025-09-09T09:33:09.986Z", "user": 1, "content_type": 13, "object_id": "17", "object_repr": "ProductDescription object (17)", "action_flag": 1, "change_message": "[{\"added\": {}}]"}}, {"model": "admin.logentry", "pk": 107, "fields": {"action_time": "2025-09-09T10:05:59.180Z", "user": 1, "content_type": 12, "object_id": "18", "object_repr": "15 Ton Hydraulic Press Machine", "action_flag": 1, "change_message": "[{\"added\": {}}]"}}, {"model": "admin.logentry", "pk": 108, "fields": {"action_time": "2025-09-09T10:06:18.106Z", "user": 1, "content_type": 14, "object_id": "22", "object_repr": "ProductImage object (22)", "action_flag": 1, "change_message": "[{\"added\": {}}]"}}, {"model": "admin.logentry", "pk": 109, "fields": {"action_time": "2025-09-09T10:07:20.168Z", "user": 1, "content_type": 13, "object_id": "18", "object_repr": "ProductDescription object (18)", "action_flag": 1, "change_message": "[{\"added\": {}}]"}}, {"model": "admin.logentry", "pk": 110, "fields": {"action_time": "2025-09-09T10:13:34.927Z", "user": 1, "content_type": 12, "object_id": "19", "object_repr": "25 Ton Hydraulic Press Machine", "action_flag": 1, "change_message": "[{\"added\": {}}]"}}, {"model": "admin.logentry", "pk": 111, "fields": {"action_time": "2025-09-09T10:13:49.321Z", "user": 1, "content_type": 14, "object_id": "23", "object_repr": "ProductImage object (23)", "action_flag": 1, "change_message": "[{\"added\": {}}]"}}, {"model": "admin.logentry", "pk": 112, "fields": {"action_time": "2025-09-09T10:14:16.797Z", "user": 1, "content_type": 13, "object_id": "19", "object_repr": "ProductDescription object (19)", "action_flag": 1, "change_message": "[{\"added\": {}}]"}}, {"model": "admin.logentry", "pk": 113, "fields": {"action_time": "2025-09-09T10:43:19.843Z", "user": 1, "content_type": 12, "object_id": "20", "object_repr": "8 Pass Automatic Wire Drawing Machine", "action_flag": 1, "change_message": "[{\"added\": {}}]"}}, {"model": "admin.logentry", "pk": 114, "fields": {"action_time": "2025-09-09T10:43:41.842Z", "user": 1, "content_type": 14, "object_id": "24", "object_repr": "ProductImage object (24)", "action_flag": 1, "change_message": "[{\"added\": {}}]"}}, {"model": "admin.logentry", "pk": 115, "fields": {"action_time": "2025-09-09T10:45:32.907Z", "user": 1, "content_type": 13, "object_id": "20", "object_repr": "ProductDescription object (20)", "action_flag": 1, "change_message": "[{\"added\": {}}]"}}, {"model": "admin.logentry", "pk": 116, "fields": {"action_time": "2025-09-09T10:51:34.036Z", "user": 1, "content_type": 12, "object_id": "21", "object_repr": "HMI-6", "action_flag": 1, "change_message": "[{\"added\": {}}]"}}, {"model": "admin.logentry", "pk": 117, "fields": {"action_time": "2025-09-09T10:51:47.388Z", "user": 1, "content_type": 14, "object_id": "25", "object_repr": "ProductImage object (25)", "action_flag": 1, "change_message": "[{\"added\": {}}]"}}, {"model": "admin.logentry", "pk": 118, "fields": {"action_time": "2025-09-09T10:53:43.910Z", "user": 1, "content_type": 13, "object_id": "21", "object_repr": "ProductDescription object (21)", "action_flag": 1, "change_message": "[{\"added\": {}}]"}}, {"model": "admin.logentry", "pk": 119, "fields": {"action_time": "2025-09-09T10:58:28.438Z", "user": 1, "content_type": 12, "object_id": "22", "object_repr": "HMI-12", "action_flag": 1, "change_message": "[{\"added\": {}}]"}}, {"model": "admin.logentry", "pk": 120, "fields": {"action_time": "2025-09-09T10:58:40.994Z", "user": 1, "content_type": 14, "object_id": "26", "object_repr": "ProductImage object (26)", "action_flag": 1, "change_message": "[{\"added\": {}}]"}}, {"model": "admin.logentry", "pk": 121, "fields": {"action_time": "2025-09-09T10:59:33.908Z", "user": 1, "content_type": 13, "object_id": "22", "object_repr": "ProductDescription object (22)", "action_flag": 1, "change_message": "[{\"added\": {}}]"}}, {"model": "admin.logentry", "pk": 122, "fields": {"action_time": "2025-09-09T11:04:22.382Z", "user": 1, "content_type": 12, "object_id": "23", "object_repr": "HMI - 1D", "action_flag": 1, "change_message": "[{\"added\": {}}]"}}, {"model": "admin.logentry", "pk": 123, "fields": {"action_time": "2025-09-09T11:05:07.058Z", "user": 1, "content_type": 13, "object_id": "23", "object_repr": "ProductDescription object (23)", "action_flag": 1, "change_message": "[{\"added\": {}}]"}}, {"model": "admin.logentry", "pk": 124, "fields": {"action_time": "2025-09-09T11:05:26.088Z", "user": 1, "content_type": 14, "object_id": "27", "object_repr": "ProductImage object (27)", "action_flag": 1, "change_message": "[{\"added\": {}}]"}}, {"model": "admin.logentry", "pk": 125, "fields": {"action_time": "2025-09-10T12:48:24.366Z", "user": 1, "content_type": 15, "object_id": "1", "object_repr": "This is blog tilte to test the typrography and integratoi for the blog componnet and i will do it on my own.", "action_flag": 2, "change_message": "[{\"changed\": {\"fields\": [\"Image sq\", \"Image hr\"]}}]"}}, {"model": "admin.logentry", "pk": 126, "fields": {"action_time": "2025-09-10T12:48:45.795Z", "user": 1, "content_type": 15, "object_id": "2", "object_repr": "Revolutionizing Jewelry Manufacturing with Precision Machinery", "action_flag": 2, "change_message": "[{\"changed\": {\"fields\": [\"Image sq\", \"Image hr\"]}}]"}}, {"model": "admin.logentry", "pk": 127, "fields": {"action_time": "2025-09-10T13:06:19.129Z", "user": 1, "content_type": 12, "object_id": "3", "object_repr": "WS125 – 5 x 2.5 Single Head Wire or Sheet Rolling Machine", "action_flag": 2, "change_message": "[{\"changed\": {\"fields\": [\"Name\", \"Tag\", \"KeyFeatures\", \"Application\"]}}]"}}, {"model": "admin.logentry", "pk": 128, "fields": {"action_time": "2025-09-10T13:06:58.476Z", "user": 1, "content_type": 12, "object_id": "3", "object_repr": "5 x 2.5 Single Head Wire or Sheet Rolling Machine", "action_flag": 2, "change_message": "[{\"changed\": {\"fields\": [\"Name\"]}}]"}}, {"model": "admin.logentry", "pk": 129, "fields": {"action_time": "2025-09-10T13:27:08.860Z", "user": 1, "content_type": 12, "object_id": "6", "object_repr": "5” x 2.5” Single Head Square/Hollow/Indo Chain Rolling Machine - Jewellery Rolling Machines", "action_flag": 2, "change_message": "[{\"changed\": {\"fields\": [\"Name\", \"Tag\", \"KeyFeatures\"]}}]"}}, {"model": "admin.logentry", "pk": 130, "fields": {"action_time": "2025-09-11T00:00:38.355Z", "user": 1, "content_type": 12, "object_id": "8", "object_repr": "WD125 – 5” x 2.5” Double Head Wire & Sheet Rolling Machine - Jewellery Rolling Machines", "action_flag": 2, "change_message": "[{\"changed\": {\"fields\": [\"Name\", \"Tag\", \"KeyFeatures\"]}}]"}}, {"model": "admin.logentry", "pk": 131, "fields": {"action_time": "2025-09-11T20:21:01.509Z", "user": 1, "content_type": 12, "object_id": "2", "object_repr": "5 x 2.5 Double Head Square/Hollow/Indo Chain  Rolling Machine - Jewellery Rolling Machines", "action_flag": 2, "change_message": "[{\"changed\": {\"fields\": [\"Name\", \"Tag\"]}}]"}}, {"model": "admin.logentry", "pk": 132, "fields": {"action_time": "2025-09-11T20:21:08.960Z", "user": 1, "content_type": 12, "object_id": "3", "object_repr": "5 x 2.5 Single Head Wire or Sheet Rolling Machine - Jewellery Rolling Machines", "action_flag": 2, "change_message": "[]"}}, {"model": "admin.logentry", "pk": 133, "fields": {"action_time": "2025-09-11T20:21:14.135Z", "user": 1, "content_type": 12, "object_id": "6", "object_repr": "5” x 2.5” Single Head Square/Hollow/Indo Chain Rolling Machine - Jewellery Rolling Machines", "action_flag": 2, "change_message": "[]"}}, {"model": "admin.logentry", "pk": 134, "fields": {"action_time": "2025-09-11T20:22:05.440Z", "user": 1, "content_type": 12, "object_id": "7", "object_repr": "5” x 2.5” Double Head Wire & Sheet Rolling Machine - Jewellery Rolling Machines", "action_flag": 2, "change_message": "[{\"changed\": {\"fields\": [\"Name\", \"Tag\"]}}]"}}, {"model": "admin.logentry", "pk": 135, "fields": {"action_time": "2025-09-11T20:22:18.526Z", "user": 1, "content_type": 12, "object_id": "8", "object_repr": "WD125 – 5” x 2.5” Double Head Wire & Sheet Rolling Machine - Jewellery Rolling Machines", "action_flag": 2, "change_message": "[]"}}, {"model": "admin.logentry", "pk": 136, "fields": {"action_time": "2025-09-11T20:24:15.081Z", "user": 1, "content_type": 12, "object_id": "9", "object_repr": "5” x 2.5” Double Head Wire & Sheet Rolling Machine - Jewellery Rolling Machines", "action_flag": 2, "change_message": "[{\"changed\": {\"fields\": [\"Name\", \"Tag\"]}}]"}}, {"model": "admin.logentry", "pk": 137, "fields": {"action_time": "2025-09-11T20:27:30.418Z", "user": 1, "content_type": 12, "object_id": "10", "object_repr": "\"6” x 3” Single Head Wire or Sheet Rolling Machine - Jewellery Rolling Machines", "action_flag": 2, "change_message": "[{\"changed\": {\"fields\": [\"Tag\", \"KeyFeatures\"]}}]"}}, {"model": "admin.logentry", "pk": 138, "fields": {"action_time": "2025-09-11T20:29:20.464Z", "user": 1, "content_type": 12, "object_id": "11", "object_repr": "\"6” x 3” Double Head Wire & Sheet Rolling Machine - Jewellery Rolling Machines", "action_flag": 2, "change_message": "[{\"changed\": {\"fields\": [\"Tag\", \"KeyFeatures\"]}}]"}}, {"model": "admin.logentry", "pk": 139, "fields": {"action_time": "2025-09-12T05:27:19.341Z", "user": 1, "content_type": 21, "object_id": "1", "object_repr": "HomeVideo object (1)", "action_flag": 2, "change_message": "[{\"changed\": {\"fields\": [\"Video\"]}}]"}}, {"model": "admin.logentry", "pk": 140, "fields": {"action_time": "2025-09-12T05:32:35.993Z", "user": 1, "content_type": 21, "object_id": "1", "object_repr": "HomeVideo object (1)", "action_flag": 2, "change_message": "[{\"changed\": {\"fields\": [\"Fallback\"]}}]"}}, {"model": "auth.permission", "pk": 1, "fields": {"name": "Can add log entry", "content_type": 1, "codename": "add_logentry"}}, {"model": "auth.permission", "pk": 2, "fields": {"name": "Can change log entry", "content_type": 1, "codename": "change_logentry"}}, {"model": "auth.permission", "pk": 3, "fields": {"name": "Can delete log entry", "content_type": 1, "codename": "delete_logentry"}}, {"model": "auth.permission", "pk": 4, "fields": {"name": "Can view log entry", "content_type": 1, "codename": "view_logentry"}}, {"model": "auth.permission", "pk": 5, "fields": {"name": "Can add permission", "content_type": 2, "codename": "add_permission"}}, {"model": "auth.permission", "pk": 6, "fields": {"name": "Can change permission", "content_type": 2, "codename": "change_permission"}}, {"model": "auth.permission", "pk": 7, "fields": {"name": "Can delete permission", "content_type": 2, "codename": "delete_permission"}}, {"model": "auth.permission", "pk": 8, "fields": {"name": "Can view permission", "content_type": 2, "codename": "view_permission"}}, {"model": "auth.permission", "pk": 9, "fields": {"name": "Can add group", "content_type": 3, "codename": "add_group"}}, {"model": "auth.permission", "pk": 10, "fields": {"name": "Can change group", "content_type": 3, "codename": "change_group"}}, {"model": "auth.permission", "pk": 11, "fields": {"name": "Can delete group", "content_type": 3, "codename": "delete_group"}}, {"model": "auth.permission", "pk": 12, "fields": {"name": "Can view group", "content_type": 3, "codename": "view_group"}}, {"model": "auth.permission", "pk": 13, "fields": {"name": "Can add user", "content_type": 4, "codename": "add_user"}}, {"model": "auth.permission", "pk": 14, "fields": {"name": "Can change user", "content_type": 4, "codename": "change_user"}}, {"model": "auth.permission", "pk": 15, "fields": {"name": "Can delete user", "content_type": 4, "codename": "delete_user"}}, {"model": "auth.permission", "pk": 16, "fields": {"name": "Can view user", "content_type": 4, "codename": "view_user"}}, {"model": "auth.permission", "pk": 17, "fields": {"name": "Can add content type", "content_type": 5, "codename": "add_contenttype"}}, {"model": "auth.permission", "pk": 18, "fields": {"name": "Can change content type", "content_type": 5, "codename": "change_contenttype"}}, {"model": "auth.permission", "pk": 19, "fields": {"name": "Can delete content type", "content_type": 5, "codename": "delete_contenttype"}}, {"model": "auth.permission", "pk": 20, "fields": {"name": "Can view content type", "content_type": 5, "codename": "view_contenttype"}}, {"model": "auth.permission", "pk": 21, "fields": {"name": "Can add session", "content_type": 6, "codename": "add_session"}}, {"model": "auth.permission", "pk": 22, "fields": {"name": "Can change session", "content_type": 6, "codename": "change_session"}}, {"model": "auth.permission", "pk": 23, "fields": {"name": "Can delete session", "content_type": 6, "codename": "delete_session"}}, {"model": "auth.permission", "pk": 24, "fields": {"name": "Can view session", "content_type": 6, "codename": "view_session"}}, {"model": "auth.permission", "pk": 25, "fields": {"name": "Can add base url", "content_type": 7, "codename": "add_baseurl"}}, {"model": "auth.permission", "pk": 26, "fields": {"name": "Can change base url", "content_type": 7, "codename": "change_baseurl"}}, {"model": "auth.permission", "pk": 27, "fields": {"name": "Can delete base url", "content_type": 7, "codename": "delete_baseurl"}}, {"model": "auth.permission", "pk": 28, "fields": {"name": "Can view base url", "content_type": 7, "codename": "view_baseurl"}}, {"model": "auth.permission", "pk": 29, "fields": {"name": "Can add location", "content_type": 8, "codename": "add_location"}}, {"model": "auth.permission", "pk": 30, "fields": {"name": "Can change location", "content_type": 8, "codename": "change_location"}}, {"model": "auth.permission", "pk": 31, "fields": {"name": "Can delete location", "content_type": 8, "codename": "delete_location"}}, {"model": "auth.permission", "pk": 32, "fields": {"name": "Can view location", "content_type": 8, "codename": "view_location"}}, {"model": "auth.permission", "pk": 33, "fields": {"name": "Can add product type", "content_type": 9, "codename": "add_producttype"}}, {"model": "auth.permission", "pk": 34, "fields": {"name": "Can change product type", "content_type": 9, "codename": "change_producttype"}}, {"model": "auth.permission", "pk": 35, "fields": {"name": "Can delete product type", "content_type": 9, "codename": "delete_producttype"}}, {"model": "auth.permission", "pk": 36, "fields": {"name": "Can view product type", "content_type": 9, "codename": "view_producttype"}}, {"model": "auth.permission", "pk": 37, "fields": {"name": "Can add state", "content_type": 10, "codename": "add_state"}}, {"model": "auth.permission", "pk": 38, "fields": {"name": "Can change state", "content_type": 10, "codename": "change_state"}}, {"model": "auth.permission", "pk": 39, "fields": {"name": "Can delete state", "content_type": 10, "codename": "delete_state"}}, {"model": "auth.permission", "pk": 40, "fields": {"name": "Can view state", "content_type": 10, "codename": "view_state"}}, {"model": "auth.permission", "pk": 41, "fields": {"name": "Can add location page", "content_type": 11, "codename": "add_locationpage"}}, {"model": "auth.permission", "pk": 42, "fields": {"name": "Can change location page", "content_type": 11, "codename": "change_locationpage"}}, {"model": "auth.permission", "pk": 43, "fields": {"name": "Can delete location page", "content_type": 11, "codename": "delete_locationpage"}}, {"model": "auth.permission", "pk": 44, "fields": {"name": "Can view location page", "content_type": 11, "codename": "view_locationpage"}}, {"model": "auth.permission", "pk": 45, "fields": {"name": "Can add product", "content_type": 12, "codename": "add_product"}}, {"model": "auth.permission", "pk": 46, "fields": {"name": "Can change product", "content_type": 12, "codename": "change_product"}}, {"model": "auth.permission", "pk": 47, "fields": {"name": "Can delete product", "content_type": 12, "codename": "delete_product"}}, {"model": "auth.permission", "pk": 48, "fields": {"name": "Can view product", "content_type": 12, "codename": "view_product"}}, {"model": "auth.permission", "pk": 49, "fields": {"name": "Can add product description", "content_type": 13, "codename": "add_productdescription"}}, {"model": "auth.permission", "pk": 50, "fields": {"name": "Can change product description", "content_type": 13, "codename": "change_productdescription"}}, {"model": "auth.permission", "pk": 51, "fields": {"name": "Can delete product description", "content_type": 13, "codename": "delete_productdescription"}}, {"model": "auth.permission", "pk": 52, "fields": {"name": "Can view product description", "content_type": 13, "codename": "view_productdescription"}}, {"model": "auth.permission", "pk": 53, "fields": {"name": "Can add product image", "content_type": 14, "codename": "add_productimage"}}, {"model": "auth.permission", "pk": 54, "fields": {"name": "Can change product image", "content_type": 14, "codename": "change_productimage"}}, {"model": "auth.permission", "pk": 55, "fields": {"name": "Can delete product image", "content_type": 14, "codename": "delete_productimage"}}, {"model": "auth.permission", "pk": 56, "fields": {"name": "Can view product image", "content_type": 14, "codename": "view_productimage"}}, {"model": "auth.permission", "pk": 57, "fields": {"name": "Can add blog", "content_type": 15, "codename": "add_blog"}}, {"model": "auth.permission", "pk": 58, "fields": {"name": "Can change blog", "content_type": 15, "codename": "change_blog"}}, {"model": "auth.permission", "pk": 59, "fields": {"name": "Can delete blog", "content_type": 15, "codename": "delete_blog"}}, {"model": "auth.permission", "pk": 60, "fields": {"name": "Can view blog", "content_type": 15, "codename": "view_blog"}}, {"model": "auth.permission", "pk": 61, "fields": {"name": "Can add hero images", "content_type": 16, "codename": "add_heroimages"}}, {"model": "auth.permission", "pk": 62, "fields": {"name": "Can change hero images", "content_type": 16, "codename": "change_heroimages"}}, {"model": "auth.permission", "pk": 63, "fields": {"name": "Can delete hero images", "content_type": 16, "codename": "delete_heroimages"}}, {"model": "auth.permission", "pk": 64, "fields": {"name": "Can view hero images", "content_type": 16, "codename": "view_heroimages"}}, {"model": "auth.permission", "pk": 65, "fields": {"name": "Can add gallery", "content_type": 17, "codename": "add_gallery"}}, {"model": "auth.permission", "pk": 66, "fields": {"name": "Can change gallery", "content_type": 17, "codename": "change_gallery"}}, {"model": "auth.permission", "pk": 67, "fields": {"name": "Can delete gallery", "content_type": 17, "codename": "delete_gallery"}}, {"model": "auth.permission", "pk": 68, "fields": {"name": "Can view gallery", "content_type": 17, "codename": "view_gallery"}}, {"model": "auth.permission", "pk": 69, "fields": {"name": "Can add testimonial", "content_type": 18, "codename": "add_testimonial"}}, {"model": "auth.permission", "pk": 70, "fields": {"name": "Can change testimonial", "content_type": 18, "codename": "change_testimonial"}}, {"model": "auth.permission", "pk": 71, "fields": {"name": "Can delete testimonial", "content_type": 18, "codename": "delete_testimonial"}}, {"model": "auth.permission", "pk": 72, "fields": {"name": "Can view testimonial", "content_type": 18, "codename": "view_testimonial"}}, {"model": "auth.permission", "pk": 73, "fields": {"name": "Can add client logo", "content_type": 19, "codename": "add_clientlogo"}}, {"model": "auth.permission", "pk": 74, "fields": {"name": "Can change client logo", "content_type": 19, "codename": "change_clientlogo"}}, {"model": "auth.permission", "pk": 75, "fields": {"name": "Can delete client logo", "content_type": 19, "codename": "delete_clientlogo"}}, {"model": "auth.permission", "pk": 76, "fields": {"name": "Can view client logo", "content_type": 19, "codename": "view_clientlogo"}}, {"model": "auth.permission", "pk": 77, "fields": {"name": "Can add page banner", "content_type": 20, "codename": "add_pagebanner"}}, {"model": "auth.permission", "pk": 78, "fields": {"name": "Can change page banner", "content_type": 20, "codename": "change_pagebanner"}}, {"model": "auth.permission", "pk": 79, "fields": {"name": "Can delete page banner", "content_type": 20, "codename": "delete_pagebanner"}}, {"model": "auth.permission", "pk": 80, "fields": {"name": "Can view page banner", "content_type": 20, "codename": "view_pagebanner"}}, {"model": "auth.permission", "pk": 81, "fields": {"name": "Can add home video", "content_type": 21, "codename": "add_homevideo"}}, {"model": "auth.permission", "pk": 82, "fields": {"name": "Can change home video", "content_type": 21, "codename": "change_homevideo"}}, {"model": "auth.permission", "pk": 83, "fields": {"name": "Can delete home video", "content_type": 21, "codename": "delete_homevideo"}}, {"model": "auth.permission", "pk": 84, "fields": {"name": "Can view home video", "content_type": 21, "codename": "view_homevideo"}}, {"model": "auth.permission", "pk": 85, "fields": {"name": "Can add product broucher", "content_type": 22, "codename": "add_productbroucher"}}, {"model": "auth.permission", "pk": 86, "fields": {"name": "Can change product broucher", "content_type": 22, "codename": "change_productbroucher"}}, {"model": "auth.permission", "pk": 87, "fields": {"name": "Can delete product broucher", "content_type": 22, "codename": "delete_productbroucher"}}, {"model": "auth.permission", "pk": 88, "fields": {"name": "Can view product broucher", "content_type": 22, "codename": "view_productbroucher"}}, {"model": "auth.user", "pk": 1, "fields": {"password": "pbkdf2_sha256$720000$IESqtwI6QokHqa05QsEYmT$8JoUBJPP8vFLAb9x83lGFQM7/lb/cAW88iYNCsKQ+DI=", "last_login": "2025-09-12T05:22:57.666Z", "is_superuser": true, "username": "hiteshuser", "first_name": "", "last_name": "", "email": "", "is_staff": true, "is_active": true, "date_joined": "2025-08-28T08:21:30.947Z", "groups": [], "user_permissions": []}}, {"model": "contenttypes.contenttype", "pk": 1, "fields": {"app_label": "admin", "model": "logentry"}}, {"model": "contenttypes.contenttype", "pk": 2, "fields": {"app_label": "auth", "model": "permission"}}, {"model": "contenttypes.contenttype", "pk": 3, "fields": {"app_label": "auth", "model": "group"}}, {"model": "contenttypes.contenttype", "pk": 4, "fields": {"app_label": "auth", "model": "user"}}, {"model": "contenttypes.contenttype", "pk": 5, "fields": {"app_label": "contenttypes", "model": "contenttype"}}, {"model": "contenttypes.contenttype", "pk": 6, "fields": {"app_label": "sessions", "model": "session"}}, {"model": "contenttypes.contenttype", "pk": 7, "fields": {"app_label": "hiteshApi", "model": "baseurl"}}, {"model": "contenttypes.contenttype", "pk": 8, "fields": {"app_label": "hiteshApi", "model": "location"}}, {"model": "contenttypes.contenttype", "pk": 9, "fields": {"app_label": "hiteshApi", "model": "producttype"}}, {"model": "contenttypes.contenttype", "pk": 10, "fields": {"app_label": "hiteshApi", "model": "state"}}, {"model": "contenttypes.contenttype", "pk": 11, "fields": {"app_label": "hiteshApi", "model": "locationpage"}}, {"model": "contenttypes.contenttype", "pk": 12, "fields": {"app_label": "hiteshApi", "model": "product"}}, {"model": "contenttypes.contenttype", "pk": 13, "fields": {"app_label": "hiteshApi", "model": "productdescription"}}, {"model": "contenttypes.contenttype", "pk": 14, "fields": {"app_label": "hiteshApi", "model": "productimage"}}, {"model": "contenttypes.contenttype", "pk": 15, "fields": {"app_label": "hiteshApi", "model": "blog"}}, {"model": "contenttypes.contenttype", "pk": 16, "fields": {"app_label": "hiteshApi", "model": "heroimages"}}, {"model": "contenttypes.contenttype", "pk": 17, "fields": {"app_label": "hiteshApi", "model": "gallery"}}, {"model": "contenttypes.contenttype", "pk": 18, "fields": {"app_label": "hiteshApi", "model": "testimonial"}}, {"model": "contenttypes.contenttype", "pk": 19, "fields": {"app_label": "hiteshApi", "model": "clientlogo"}}, {"model": "contenttypes.contenttype", "pk": 20, "fields": {"app_label": "hiteshApi", "model": "pagebanner"}}, {"model": "contenttypes.contenttype", "pk": 21, "fields": {"app_label": "hiteshApi", "model": "homevideo"}}, {"model": "contenttypes.contenttype", "pk": 22, "fields": {"app_label": "hiteshApi", "model": "productbroucher"}}, {"model": "sessions.session", "pk": "6fh43qsrekqcmwqx35jywm1u9y4o6bwz", "fields": {"session_data": ".eJxVjEEOwiAQRe_C2hCnRRhcuvcMZIAZqRpISrsy3l2bdKHb_977LxVoXUpYO89hyuqsQB1-t0jpwXUD-U711nRqdZmnqDdF77Tra8v8vOzu30GhXr61E-CcEU20fnRiPEWDQ4xyNJTAWCsjoCB6EkjMCASZHTrLA8lJvHp_APUzOIY:1urys5:rA3NxgkbAchgY1LOPeftwhMIaiJQtILn5_lTRTnw3X0", "expire_date": "2025-09-12T13:10:25.605Z"}}, {"model": "sessions.session", "pk": "cdmoavfz1r39ovl9d4is2i7jn5cnhmlv", "fields": {"session_data": ".eJxVjEEOwiAQRe_C2hCnRRhcuvcMZIAZqRpISrsy3l2bdKHb_977LxVoXUpYO89hyuqsQB1-t0jpwXUD-U711nRqdZmnqDdF77Tra8v8vOzu30GhXr61E-CcEU20fnRiPEWDQ4xyNJTAWCsjoCB6EkjMCASZHTrLA8lJvHp_APUzOIY:1uu6GA:kFdxME3xdVSvPguV1e40jX9HWWSgSrsLCT7tNqElwrk", "expire_date": "2025-09-18T09:28:02.179Z"}}, {"model": "sessions.session", "pk": "gtjziwkvh242zaxwyek9jkka5iozk57h", "fields": {"session_data": ".eJxVjEEOwiAQRe_C2hCnRRhcuvcMZIAZqRpISrsy3l2bdKHb_977LxVoXUpYO89hyuqsQB1-t0jpwXUD-U711nRqdZmnqDdF77Tra8v8vOzu30GhXr61E-CcEU20fnRiPEWDQ4xyNJTAWCsjoCB6EkjMCASZHTrLA8lJvHp_APUzOIY:1urY75:-sjt10SltmwSY4yBQMHbLdEahcFwQ6meMfN_-HXNYLM", "expire_date": "2025-09-11T08:36:07.887Z"}}, {"model": "sessions.session", "pk": "nda1c7ehjy19in84pa2t3hrbzyqf3cjt", "fields": {"session_data": ".eJxVjEEOwiAQRe_C2hCnRRhcuvcMZIAZqRpISrsy3l2bdKHb_977LxVoXUpYO89hyuqsQB1-t0jpwXUD-U711nRqdZmnqDdF77Tra8v8vOzu30GhXr61E-CcEU20fnRiPEWDQ4xyNJTAWCsjoCB6EkjMCASZHTrLA8lJvHp_APUzOIY:1uvs3R:WjMFVjcequxT5vDvFaASHPV9QXC0dVLk9ResDvo4F_Y", "expire_date": "2025-09-23T06:42:13.697Z"}}, {"model": "sessions.session", "pk": "oc7wr8yk1dvnt4k9t5azmr2jxuc6lzn7", "fields": {"session_data": ".eJxVjEEOwiAQRe_C2hCnRRhcuvcMZIAZqRpISrsy3l2bdKHb_977LxVoXUpYO89hyuqsQB1-t0jpwXUD-U711nRqdZmnqDdF77Tra8v8vOzu30GhXr61E-CcEU20fnRiPEWDQ4xyNJTAWCsjoCB6EkjMCASZHTrLA8lJvHp_APUzOIY:1urXtx:iONmZBL-furBqKnlmyOs-fDnfrOod7ljqkcnGLqsXiM", "expire_date": "2025-09-11T08:22:33.366Z"}}, {"model": "sessions.session", "pk": "qdx315r0za7w9nfm4jtu3qgx4xzshmo7", "fields": {"session_data": ".eJxVjEEOwiAQRe_C2hCnRRhcuvcMZIAZqRpISrsy3l2bdKHb_977LxVoXUpYO89hyuqsQB1-t0jpwXUD-U711nRqdZmnqDdF77Tra8v8vOzu30GhXr61E-CcEU20fnRiPEWDQ4xyNJTAWCsjoCB6EkjMCASZHTrLA8lJvHp_APUzOIY:1ursnN:DECFi4jhTnYWV-7gABEPR2uAq28aX0Dh3FWFTCpRjnE", "expire_date": "2025-09-12T06:41:09.366Z"}}, {"model": "sessions.session", "pk": "rnoy8pjr0eftiv5mjeuxuok63dyetmyk", "fields": {"session_data": ".eJxVjEEOwiAQRe_C2hCnRRhcuvcMZIAZqRpISrsy3l2bdKHb_977LxVoXUpYO89hyuqsQB1-t0jpwXUD-U711nRqdZmnqDdF77Tra8v8vOzu30GhXr61E-CcEU20fnRiPEWDQ4xyNJTAWCsjoCB6EkjMCASZHTrLA8lJvHp_APUzOIY:1uwUAK:is_QkKoD8E-tMwyoFfx7y835t4rnBImyC0g5YTM7K-Y", "expire_date": "2025-09-24T23:23:52.174Z"}}, {"model": "sessions.session", "pk": "tdkjf7fjij42wwwx9w0rywh18c1vznfo", "fields": {"session_data": ".eJxVjEEOwiAQRe_C2hCnRRhcuvcMZIAZqRpISrsy3l2bdKHb_977LxVoXUpYO89hyuqsQB1-t0jpwXUD-U711nRqdZmnqDdF77Tra8v8vOzu30GhXr61E-CcEU20fnRiPEWDQ4xyNJTAWCsjoCB6EkjMCASZHTrLA8lJvHp_APUzOIY:1uwwFN:JT_QNS5R0Wkqb53lIjQWw-JBiYgqnJsiVgFcchYGR7s", "expire_date": "2025-09-26T05:22:57.672Z"}}, {"model": "sessions.session", "pk": "w34mv2kubxcculxnxbfvmlklwruy899i", "fields": {"session_data": ".eJxVjEEOwiAQRe_C2hCnRRhcuvcMZIAZqRpISrsy3l2bdKHb_977LxVoXUpYO89hyuqsQB1-t0jpwXUD-U711nRqdZmnqDdF77Tra8v8vOzu30GhXr61E-CcEU20fnRiPEWDQ4xyNJTAWCsjoCB6EkjMCASZHTrLA8lJvHp_APUzOIY:1ura5f:l_uypujFBLpe9gUzokaOHgZszl7i2HPKF80jpHFx7qs", "expire_date": "2025-09-11T10:42:47.939Z"}}, {"model": "hiteshApi.producttype", "pk": 1, "fields": {"Value": "Jewellery Rolling Machines"}}, {"model": "hiteshApi.producttype", "pk": 2, "fields": {"Value": "Wire Drawing Machines"}}, {"model": "hiteshApi.producttype", "pk": 3, "fields": {"Value": "Hydraulic Press Machines"}}, {"model": "hiteshApi.producttype", "pk": 4, "fields": {"Value": "Bench Draw Machines"}}, {"model": "hiteshApi.productbroucher", "pk": 1, "fields": {"File": "brouchers/Hitesh_Malviya_Final_Brochure.pdf"}}, {"model": "hiteshApi.product", "pk": 1, "fields": {"Name": "6 Pass Wire Drawing Machine", "About": "Efficient 6-pass wire drawing machine equipped with automatic water coolant and VFD for precision wire processing.", "Model": "HMI6 – 6 Pass Wire Drawing Machine", "Sku": "HMI-6P-WD-006", "Rating": "4.7", "Tag": "Efficient", "Price": "49999", "OrignalPrice": "57999", "Image": "product_hero/HMI_6-1.jpg", "KeyFeatures": ["6 Die Holder for precision control", "2 HP Single/Three Phase Motor", "Automatic Water Coolant System", "VFD Controller for speed variation", "Branded Electrical Fittings", "Compact footprint with heavy-duty build"], "NoOfReviews": 24, "ProductType": 2, "Broucher": null, "Warranty": "1 Years Standard Warranty", "Shipping": "Free delivery and training", "Specification": [{"label": "Passes", "value": "6"}, {"label": "Dies Holder", "value": "6"}, {"label": "Motor Power", "value": "2 HP"}, {"label": "Voltage", "value": "220V/440V"}, {"label": "Phase", "value": "Single/Three Phase"}, {"label": "Weight", "value": "280 Kg"}, {"label": "Dimensions", "value": "47 x 28 x 53 in"}, {"label": "Automation", "value": "Semi Automatic"}], "Application": ["Gold and silver wire reduction", "Jewelry wire production", "Industrial fine wire processing"], "TechnicalAdvantage": ["Compact & reliable", "Efficient cooling", "Low energy consumption"], "RelatedProducts": [2]}}, {"model": "hiteshApi.product", "pk": 2, "fields": {"Name": "5 x 2.5 Double Head Square/Hollow/Indo Chain  Rolling Machine", "About": "Double head chain design rolling machine for square, triangle and hollow forms. Equipped with VFD for control.", "Model": "WSD125 – 5” x 2.5” Double Head Square/Hollow Rolling Machine", "Sku": "WSD125-DH-014", "Rating": "5.0", "Tag": "WSD125A46", "Price": "0", "OrignalPrice": "0", "Image": "product_hero/WSD125-1.jpg", "KeyFeatures": ["Double head configuration for increased productivity", "Precision-engineered hardened steel rolls", "15HP high-performance motor", "Automatic oil lubrication system", "Heavy-duty construction (1550 kg)", "Variable speed control with digital display", "Safety interlocks and emergency stops", "Adjustable roll pressure system"], "NoOfReviews": 124, "ProductType": 1, "Broucher": null, "Warranty": "1 Years Standard Warranty", "Shipping": "Accross India", "Specification": [{"label": "Motor Power", "value": "15 HP"}, {"label": "Roller Size", "value": "200 x 150mm (8\" x 6\")"}, {"label": "Weight", "value": "1550 Kg"}, {"label": "Phase", "value": "Three Phase"}, {"label": "Frequency", "value": "50-60Hz"}, {"label": "Automation", "value": "Semi Automatic"}, {"label": "Rolled Shape", "value": "Round Bar"}, {"label": "Construction", "value": "Heavy Duty Cast Iron"}], "Application": ["Heavy-duty strip rolling", "Industrial sheet processing", "Round bar production", "High-volume jewelry manufacturing", "Precious metal processing", "Wire and sheet combination work"], "TechnicalAdvantage": ["Dual operation capability", "Superior material handling", "Reduced processing time", "Enhanced productivity", "Consistent quality output", "Minimal operator intervention"], "RelatedProducts": [1]}}, {"model": "hiteshApi.product", "pk": 3, "fields": {"Name": "5 x 2.5 Single Head Wire or Sheet Rolling Machine", "About": "Compact and efficient rolling machine ideal for small workshops. Designed for precise rolling of wire or sheet materials in jewelry fabrication.", "Model": "WS125 – 5 x 2.5 Single Head Rolling Machine", "Sku": "WS125-SH-007", "Rating": "4.6", "Tag": "WS125", "Price": "38999", "OrignalPrice": "45999", "Image": "product_hero/HMI_6-1_3MwwoHe.jpg", "KeyFeatures": ["1.5 H.P Single Phase/Three Phase Electric Motor", "Branded Electrical Fittings", "Branded electrical components for long life", "Dimensions : 20 x 20 x 35”", "Weight : 130Kg. Approx"], "NoOfReviews": 20, "ProductType": 1, "Broucher": null, "Warranty": "1 Year Standard Warranty", "Shipping": "Free delivery and setup guidance", "Specification": [{"label": "Roller Size", "value": "127 x 63mm (5” x 2.5”)"}, {"label": "Motor Power", "value": "1.5 HP"}, {"label": "Voltage", "value": "220V/440V"}, {"label": "Phase", "value": "Single/Three Phase"}, {"label": "Weight", "value": "130 Kg"}, {"label": "Dimensions", "value": "20 x 20 x 35 in"}, {"label": "Automation", "value": "Semi Automatic"}], "Application": ["127 x 63mm ( 5” x 2.5” ) Roll", "1.5 H.P Single Phase/Three Phase Electric Motor", "Silver and gold strip production", "Small workshop manufacturing"], "TechnicalAdvantage": ["Compact build", "Dual phase operation", "Low power consumption", "Smooth and consistent roll output"], "RelatedProducts": []}}, {"model": "hiteshApi.product", "pk": 4, "fields": {"Name": "15 Ton Hydraulic Press Machine", "About": "Compact and powerful 15-ton hydraulic press designed for efficient metal forming and pressing operations in jewelry manufacturing.", "Model": "HMI-15T – 15 Ton Hydraulic Press Machine", "Sku": "HMI-15T-HP-024", "Rating": "4.7", "Tag": "Compact Power", "Price": "65999", "OrignalPrice": "74999", "Image": "product_hero/HMI_6-1.png", "KeyFeatures": ["2 HP electric motor", "Heavy-duty construction", "Precision pressing control", "Compact and portable design", "Low maintenance"], "NoOfReviews": 17, "ProductType": 3, "Broucher": null, "Warranty": "1 Years Standard Warranty", "Shipping": "Free installation and trial run", "Specification": [{"label": "Force Capacity", "value": "15 Tons"}, {"label": "Motor Power", "value": "2 HP"}, {"label": "Voltage", "value": "440V"}, {"label": "Phase", "value": "Three Phase"}, {"label": "Weight", "value": "230 Kg"}, {"label": "Automation", "value": "Semi Automatic"}, {"label": "Construction", "value": "Heavy-Duty Steel Frame"}], "Application": ["Jewelry pressing", "Gold & silver embossing", "Metal stamping", "Small-scale forming"], "TechnicalAdvantage": ["Compact design with strong output", "Low noise operation", "Minimal maintenance", "User-friendly controls"], "RelatedProducts": []}}, {"model": "hiteshApi.product", "pk": 5, "fields": {"Name": "10 Foot Bench Draw Machine", "About": "10-foot long bench draw machine used for straightening and tensioning wires in the jewelry industry with high precision.", "Model": "HMI-10Bench – 10 Foot Bench Draw Machine\"", "Sku": "HMI-10FT-BD-026", "Rating": "4.6", "Tag": "Workshop Essential", "Price": "47999", "OrignalPrice": "54999", "Image": "product_hero/HMI_8-1.png", "KeyFeatures": ["10-foot length", "Durable base structure", "Smooth pulling action", "Customizable with motor", "Low maintenance"], "NoOfReviews": 12, "ProductType": 4, "Broucher": null, "Warranty": "1 Year Warranty", "Shipping": "Free delivery and setup guidance", "Specification": [{"label": "Length", "value": "10 Feet"}, {"label": "Weight", "value": "160 Kg (Approx)"}, {"label": "Operation", "value": "Manual or Optional Motorized"}, {"label": "Frame", "value": "Steel Base with Guide Rails"}], "Application": ["Gold wire straightening", "Wire tensioning", "Jewelry wire production", "Workshop wire alignment"], "TechnicalAdvantage": ["Simple design, high control", "Reliable for long runs", "Optional motor upgrade", "Space-efficient"], "RelatedProducts": []}}, {"model": "hiteshApi.product", "pk": 6, "fields": {"Name": "5” x 2.5” Single Head Square/Hollow/Indo Chain Rolling Machine", "About": "Compact and efficient 5” x 2.5” single head rolling machine for wire and sheet processing in jewelry production, equipped with 1.5 HP motor and premium fittings.", "Model": "WS125 – 5” x 2.5” Single Head Wire or Sheet Rolling Machine", "Sku": "WS125-JRM-028", "Rating": "4.6", "Tag": "WSS125", "Price": "38999", "OrignalPrice": "44999", "Image": "product_hero/WS125-1.png", "KeyFeatures": ["127 x 63mm ( 5” x 2.5” ) Square/Triangle/Half round Roll", "1.5 H.P Single Phase/Three Phase Electric Motor", "VFD Speed Control System", "Branded Electrical Fittings", " Dimensions : 20 x 20 x 35”", "Weight : 130Kg. Approx"], "NoOfReviews": 33, "ProductType": 1, "Broucher": null, "Warranty": "1 Years Standard Warranty", "Shipping": "Free shipping and basic setup support", "Specification": [{"label": "Roller Size", "value": "127 x 63mm (5\" x 2.5\")"}, {"label": "Motor Power", "value": "1.5 HP"}, {"label": "Voltage", "value": "220V/440V"}, {"label": "Phase", "value": "Single/Three Phase"}, {"label": "Weight", "value": "130 Kg (Approx)"}, {"label": "Dimensions", "value": "20\" x 20\" x 35\""}, {"label": "Automation", "value": "Semi Automatic"}, {"label": "Construction", "value": "Mild Steel Frame"}], "Application": ["Jewelry sheet rolling", "Wire rolling and reduction", "Craft and custom metal forming", "Workshop and training use"], "TechnicalAdvantage": ["Compact footprint", "Efficient for small-batch processing", "Dual-phase flexibility", "Minimal maintenance required"], "RelatedProducts": []}}, {"model": "hiteshApi.product", "pk": 7, "fields": {"Name": "5” x 2.5” Double Head Wire & Sheet Rolling Machine", "About": "Dual-head design for simultaneous wire and sheet rolling. Compact and efficient for mid-size production.", "Model": "WD125 – 5” x 2.5” Double Head Rolling Machine", "Sku": "WD125-DH-013", "Rating": "4.6", "Tag": "SD125A56", "Price": "49999", "OrignalPrice": "57999", "Image": "product_hero/WD125-1.png", "KeyFeatures": ["Dual roller heads", "Efficient 2 HP motor", "Compact footprint", "Branded electricals", "Balanced design for durability"], "NoOfReviews": 22, "ProductType": 1, "Broucher": null, "Warranty": "1 Year Warranty", "Shipping": "Free delivery & setup", "Specification": [{"label": "Roller Size", "value": "125 x 63mm"}, {"label": "Motor Power", "value": "2 HP"}, {"label": "Voltage", "value": "220V/440V"}, {"label": "Phase", "value": "Single/Three Phase"}, {"label": "Weight", "value": "180 Kg"}, {"label": "Dimensions", "value": "31 x 18 x 35 in"}, {"label": "Automation", "value": "Semi Automatic"}], "Application": ["Jewelry sheet and wire rolling", "Double head continuous operations", "Goldsmith workshops"], "TechnicalAdvantage": ["Dual operation in one machine", "Smooth transitions", "Compact yet powerful"], "RelatedProducts": []}}, {"model": "hiteshApi.product", "pk": 8, "fields": {"Name": "WD125 – 5” x 2.5” Double Head Wire & Sheet Rolling Machine", "About": "Double head rolling machine tailored for specialized chain and profile rolling, including square, triangle, and hollow forms. Comes with VFD speed control and dual-phase compatibility.", "Model": "WSD125 – 5” x 2.5” Double Head Square/Hollow/Indo Chain Rolling Machine", "Sku": "WSD125-JRM-029", "Rating": "4.7", "Tag": "WSD125A46", "Price": "49999", "OrignalPrice": "57999", "Image": "product_hero/WSS125-1.png", "KeyFeatures": ["125 x 63mm ( 5” x 2.5” ) Wire & Sheet Roll", "2 H.P Single/Three Phase Electric Motor", "Branded Electricals Fittings", "Dimension : 31 x 18 x 35”", "Weight : 180Kg. Approx"], "NoOfReviews": 29, "ProductType": 1, "Broucher": null, "Warranty": "1 Years Standard Warranty", "Shipping": "Free installation and training included", "Specification": [{"label": "Roller Size", "value": "125 x 63mm (5\" x 2.5\")"}, {"label": "Roll Type", "value": "Square/Triangle/Half Round"}, {"label": "Motor Power", "value": "2 HP"}, {"label": "Voltage", "value": "220V/440V"}, {"label": "Phase", "value": "Single/Three Phase"}, {"label": "Weight", "value": "180 Kg (Approx)"}, {"label": "Dimensions", "value": "31\" x 18\" x 35\""}, {"label": "Speed Control", "value": "VFD System"}, {"label": "Automation", "value": "Semi Automatic"}], "Application": ["Indo chain making", "Square and hollow profile rolling", "Designer jewelry production", "High-volume workshop usage"], "TechnicalAdvantage": ["VFD ensures smooth, adjustable speed", "Profile-specific roll heads", "High consistency and repeatability", "Optimized for chain and wire forming"], "RelatedProducts": []}}, {"model": "hiteshApi.product", "pk": 9, "fields": {"Name": "5” x 2.5” Double Head Wire & Sheet Rolling Machine", "About": "Heavy-duty dual head rolling machine built for consistent wire and sheet processing at mid-volume levels.", "Model": "SD125 – 5” x 2.5” Double Head Wire & Sheet Rolling Machine", "Sku": "SD125-DH-015", "Rating": "4.6", "Tag": "WD125A38", "Price": "55999", "OrignalPrice": "63999", "Image": "product_hero/SD125-1.png", "KeyFeatures": ["Heavy-duty cast structure", "Precision ground rollers", "Branded electrics", "Dual mode wire & sheet handling", "Durable for industrial use"], "NoOfReviews": 28, "ProductType": 1, "Broucher": null, "Warranty": "1 Years Standard Warranty", "Shipping": "Includes basic setup", "Specification": [{"label": "Roller Size", "value": "125 x 63mm"}, {"label": "Motor Power", "value": "2 HP"}, {"label": "Voltage", "value": "220V/440V"}, {"label": "Phase", "value": "Single/Three Phase"}, {"label": "Weight", "value": "280 Kg"}, {"label": "Dimensions", "value": "36 x 22 x 51 in"}, {"label": "Automation", "value": "Semi Automatic"}], "Application": ["Goldsmith wire & sheet operations", "Small to mid-volume production", "Durable everyday use"], "TechnicalAdvantage": ["Stronger output", "Stable operations", "High lifecycle build"], "RelatedProducts": []}}, {"model": "hiteshApi.product", "pk": 10, "fields": {"Name": "\"6” x 3” Single Head Wire or Sheet Rolling Machine", "About": "Single head rolling machine for jewelry wire or sheet with larger roller capacity and more durable motor.", "Model": "SS150 – 6” x 3” Single Head Rolling Machine", "Sku": "SS150-SH-016", "Rating": "4.7", "Tag": "SS150", "Price": "58999", "OrignalPrice": "65999", "Image": "product_hero/SS300-1.png", "KeyFeatures": ["150 x 77mm ( 6” x 3” ) Wire Or Sheet Roll", "2 H.P Three Phase Electric Motor", "Branded Electricals Fittings", "Dimension : 30 x 24 x 58", "310Kg. Approx"], "NoOfReviews": 30, "ProductType": 1, "Broucher": null, "Warranty": "1 Year Warranty", "Shipping": "Free shipping", "Specification": [{"label": "Roller Size", "value": "150 x 77mm"}, {"label": "Motor Power", "value": "2 HP"}, {"label": "Voltage", "value": "440V"}, {"label": "Phase", "value": "Three Phase"}, {"label": "Weight", "value": "310 Kg"}, {"label": "Dimensions", "value": "30 x 24 x 58 in"}, {"label": "Automation", "value": "Semi Automatic"}], "Application": ["Sheet flattening", "Thicker wire drawing", "Mid-scale jewelry units"], "TechnicalAdvantage": ["Stable and smooth rolling", "More torque for hard metals", "Low vibration output"], "RelatedProducts": []}}, {"model": "hiteshApi.product", "pk": 11, "fields": {"Name": "\"6” x 3” Double Head Wire & Sheet Rolling Machine", "About": "High-capacity rolling machine with dual roller heads and larger motor. Suitable for small industrial production.", "Model": "SD150 – 6” x 3” Double Head Wire & Sheet Rolling Machine", "Sku": "SD150-DH-017", "Rating": "4.7", "Tag": "SD150", "Price": "66999", "OrignalPrice": "74999", "Image": "product_hero/SD150-2_2.png", "KeyFeatures": ["150 x 77mm ( 6” x 3” ) Roll", "Double roller design", "D3 Roll Material", "Branded electricals", "Solid and vibration-free"], "NoOfReviews": 26, "ProductType": 1, "Broucher": null, "Warranty": "1 Years Warranty", "Shipping": "Installation support included", "Specification": [{"label": "Roller Size", "value": "150 x 77mm"}, {"label": "Roll Material", "value": "D3 Steel"}, {"label": "Motor Power", "value": "3 HP"}, {"label": "Voltage", "value": "440V"}, {"label": "Phase", "value": "Three Phase"}, {"label": "Weight", "value": "500 Kg"}, {"label": "Dimensions", "value": "43 x 25 x 58 in"}, {"label": "Automation", "value": "Semi Automatic"}], "Application": ["Gold/silver rolling", "Small industrial units", "Wire and sheet processing"], "TechnicalAdvantage": ["High load handling", "Durable for industrial use", "Fast operation"], "RelatedProducts": []}}, {"model": "hiteshApi.product", "pk": 12, "fields": {"Name": "\"6” x 4” Double Head Wire & Sheet Rolling Machine", "About": "High-performance dual head machine with automatic lubrication system and heavy-duty construction.", "Model": "SD6x4 – 6” x 4” Double Head Wire & Sheet Rolling Machine", "Sku": "SD6X4-DH-018", "Rating": "4.8", "Tag": "High Torque", "Price": "75999", "OrignalPrice": "84999", "Image": "product_hero/SD6x4-1.png", "KeyFeatures": ["Dual speed motor (3.5HP/5HP)", "Auto oil lubrication system", "Heavy-duty frame", "Branded electricals", "Stable performance"], "NoOfReviews": 33, "ProductType": 1, "Broucher": null, "Warranty": "1 Years Warranty", "Shipping": "Free setup assistance", "Specification": [{"label": "Roller Size", "value": "150 x 103mm"}, {"label": "Motor Power", "value": "3.5/5 HP"}, {"label": "Voltage", "value": "440V"}, {"label": "Phase", "value": "Three Phase"}, {"label": "Weight", "value": "500 Kg"}, {"label": "Dimensions", "value": "45 x 25 x 58 in"}, {"label": "Automation", "value": "Semi Automatic"}], "Application": ["Mid to heavy-duty rolling", "Sheet and wire combo processing", "Jewelry and metalworking"], "TechnicalAdvantage": ["Stable at high RPMs", "Consistent roll output", "Low maintenance with auto-lube"], "RelatedProducts": []}}, {"model": "hiteshApi.product", "pk": 13, "fields": {"Name": "\"6” x 4” Single Head Sheet Rolling Machine", "About": "Single head rolling machine with auto oil lubrication for industrial-grade sheet and wire processing.", "Model": "WSS6x4 – 6” x 4” Single Head Sheet Rolling Machine", "Sku": "WSS6X4-SH-019", "Rating": "4.7", "Tag": "Auto Lube", "Price": "71999", "OrignalPrice": "79999", "Image": "product_hero/WSS125-1_opZaATL.png", "KeyFeatures": ["Dual speed 3.5/5 HP motor", "Automatic oiling system", "Heavy structure", "Single head precision", "Branded electricals"], "NoOfReviews": 24, "ProductType": 1, "Broucher": null, "Warranty": "1 Year Warranty", "Shipping": "Free delivery & support", "Specification": [{"label": "Roller Size", "value": "150 x 100mm"}, {"label": "Motor Power", "value": "3.5/5 HP"}, {"label": "Voltage", "value": "440V"}, {"label": "Phase", "value": "Three Phase"}, {"label": "Weight", "value": "500 Kg"}, {"label": "Dimensions", "value": "40 x 25 x 62 in"}, {"label": "Automation", "value": "Semi Automatic"}], "Application": ["Sheet rolling", "High-quality metal rolling", "Gold and silver processing"], "TechnicalAdvantage": ["Smooth operation", "Effortless maintenance", "Great for thin sheets"], "RelatedProducts": []}}, {"model": "hiteshApi.product", "pk": 14, "fields": {"Name": "8” x 4” Single Head Sheet Rolling Machine", "About": "Large single-head rolling machine for gold and silver sheet rolling. High torque motor and advanced finish quality.", "Model": "WSS200 – 8” x 4” Single Head Sheet Rolling Machine", "Sku": "WSS200-SH-020", "Rating": "4.8", "Tag": "Wide Roller", "Price": "84999", "OrignalPrice": "94999", "Image": "product_hero/WSS200-1.png", "KeyFeatures": ["Roller size support: 12mm–0.7mm, 8mm–0.7mm", "Dual-speed motor (5HP/7.5HP)", "Branded electrics", "Automatic lubrication system", "Sturdy heavy structure"], "NoOfReviews": 21, "ProductType": 1, "Broucher": null, "Warranty": "1 Years Warranty", "Shipping": "Free setup and trial", "Specification": [{"label": "Roller Size", "value": "200 x 100mm"}, {"label": "Motor Power", "value": "5/7.5 HP"}, {"label": "Voltage", "value": "440V"}, {"label": "Phase", "value": "Three Phase"}, {"label": "Weight", "value": "500 Kg"}, {"label": "Dimensions", "value": "40 x 25 x 62 in"}, {"label": "Automation", "value": "Semi Automatic"}], "Application": ["Sheet flattening in gold and silver", "Wire rolling of various gauges", "Metal shaping and reduction"], "TechnicalAdvantage": ["Multi-roll capability", "High power for heavy rolling", "Low operator fatigue"], "RelatedProducts": []}}, {"model": "hiteshApi.product", "pk": 15, "fields": {"Name": "8” x 4” Double Head Wire & Sheet Rolling Machine", "About": "Heavy-duty dual head machine for advanced wire and sheet rolling operations, with multiple roll support.", "Model": "SD200 – 8” x 4” Double Head Wire & Sheet Rolling Machine", "Sku": "SD200-DH-021", "Rating": "4.8", "Tag": "Heavy Duty", "Price": "109999", "OrignalPrice": "119999", "Image": "product_hero/SD200-1.png", "KeyFeatures": ["Multiple roll sizes supported", "Heavy cast iron body", "Dual-head functionality", "Branded electricals", "Vibration-resistant foundation"], "NoOfReviews": 22, "ProductType": 1, "Broucher": null, "Warranty": "1 Years Warranty", "Shipping": "Installation included", "Specification": [{"label": "Roller Size", "value": "200 x 103mm"}, {"label": "Motor Power", "value": "5/7.5 HP"}, {"label": "Voltage", "value": "440V"}, {"label": "Phase", "value": "Three Phase"}, {"label": "Weight", "value": "720 Kg"}, {"label": "Dimensions", "value": "49 x 38 x 62 in"}, {"label": "Automation", "value": "Semi Automatic"}], "Application": ["Wire drawing (16mm to 0.7mm)", "Sheet flattening", "Medium to large-scale production"], "TechnicalAdvantage": ["Versatile gauge support", "High output capacity", "Long operational lifespan"], "RelatedProducts": []}}, {"model": "hiteshApi.product", "pk": 16, "fields": {"Name": "8” x 6” Double Head Sheet Rolling Machine", "About": "Industrial double head rolling machine for large-scale sheet rolling with heavy-duty structure and automatic lubrication.", "Model": "SD8x6 – 8” x 6” Double Head Sheet Rolling Machine", "Sku": "SD8X6-DH-022", "Rating": "4.9", "Tag": "Industrial Heavyweight", "Price": "134999", "OrignalPrice": "145000", "Image": "product_hero/SD8X6-1.png", "KeyFeatures": ["12.5 HP three phase motor", "Auto oil lubrication system", "Durable cast iron frame", "Precision hardened rollers", "Low RPM for accurate rolling"], "NoOfReviews": 18, "ProductType": 1, "Broucher": null, "Warranty": "1 Years Warranty", "Shipping": "Full installation and training", "Specification": [{"label": "Roller Size", "value": "203 x 153mm"}, {"label": "Motor Power", "value": "12.5 HP"}, {"label": "RPM", "value": "26 RPM"}, {"label": "Voltage", "value": "440V"}, {"label": "Phase", "value": "Three Phase"}, {"label": "Weight", "value": "1550 Kg"}, {"label": "Dimensions", "value": "1650 x 670 x 1780 mm"}, {"label": "Automation", "value": "Semi Automatic"}], "Application": ["Continuous rolling operations", "Thick sheet reduction", "Industrial jewelry and metal manufacturing"], "TechnicalAdvantage": ["High torque at low RPM", "Maintenance-free lubrication", "Large roller area coverage"], "RelatedProducts": []}}, {"model": "hiteshApi.product", "pk": 17, "fields": {"Name": "SS300 Single Head Sheet Rolling Machine", "About": "A powerful single-head machine with a 10 HP motor, auto oil lubrication,\r\nand branded fittings. Ideal for precise wire and sheet rolling with smooth,\r\nconsistent output.", "Model": "SS300 – 12” x 5” Single Head Sheet Rolling Machine", "Sku": "SS300-SH-023", "Rating": "4.9", "Tag": "Ultra Wide", "Price": "144999", "OrignalPrice": "159999", "Image": "product_hero/SS300-1_FuBS3ky.png", "KeyFeatures": ["Wide roller capacity", "Auto lubrication system", "Branded heavy-duty electricals", "Stable at 32 RPM", "High-efficiency three phase motor"], "NoOfReviews": 20, "ProductType": 1, "Broucher": 1, "Warranty": "3 Year Warranty", "Shipping": "Includes installation and heavy-duty platform", "Specification": [{"label": "Roller Size", "value": "305 x 127mm"}, {"label": "Motor Power", "value": "10 HP"}, {"label": "RPM", "value": "32 RPM"}, {"label": "Voltage", "value": "440V"}, {"label": "Phase", "value": "Three Phase"}, {"label": "Weight", "value": "950 Kg"}, {"label": "Dimensions", "value": "1220 x 810 x 1680 mm"}, {"label": "Automation", "value": "Semi Automatic"}], "Application": ["High-volume sheet rolling", "Industrial jewelry manufacturing", "Sheet metal processing"], "TechnicalAdvantage": ["Powerful and reliable", "Excellent finish quality", "Built for long cycles"], "RelatedProducts": []}}, {"model": "hiteshApi.product", "pk": 18, "fields": {"Name": "15 Ton Hydraulic Press Machine", "About": "Compact and powerful 15-ton hydraulic press designed for efficient metal forming and pressing operations in jewelry manufacturing.", "Model": "HMI-15T – 15 Ton Hydraulic Press Machine", "Sku": "HMI-15T-HP-024", "Rating": "4.7", "Tag": "Compact Power", "Price": "65999", "OrignalPrice": "74999", "Image": "", "KeyFeatures": ["2 HP electric motor", "Heavy-duty construction", "Precision pressing control", "Compact and portable design", "Low maintenance"], "NoOfReviews": 17, "ProductType": 3, "Broucher": 1, "Warranty": "2 Year Standard Warranty", "Shipping": "Free installation and trial run", "Specification": [{"label": "Force Capacity", "value": "15 Tons"}, {"label": "Motor Power", "value": "2 HP"}, {"label": "Voltage", "value": "440V"}, {"label": "Phase", "value": "Three Phase"}, {"label": "Weight", "value": "230 Kg"}, {"label": "Automation", "value": "Semi Automatic"}, {"label": "Construction", "value": "Heavy-Duty Steel Frame"}], "Application": ["Jewelry pressing", "Gold & silver embossing", "Metal stamping", "Small-scale forming"], "TechnicalAdvantage": ["Compact design with strong output", "Low noise operation", "Minimal maintenance", "User-friendly controls"], "RelatedProducts": []}}, {"model": "hiteshApi.product", "pk": 19, "fields": {"Name": "25 Ton Hydraulic Press Machine", "About": "Professional 25-ton hydraulic press for heavy-duty embossing and metal shaping in industrial jewelry manufacturing.", "Model": "HMI-25T – 25 Ton Hydraulic Press Machine", "Sku": "HMI-25T-HP-025", "Rating": "4.8", "Tag": "Heavy Force", "Price": "84999", "OrignalPrice": "94999", "Image": "product_hero/SD6x4-2.png", "KeyFeatures": ["25-ton hydraulic force", "3 HP branded electric motor", "Heavy-duty pump system", "Precision pressure adjustment", "Durable construction"], "NoOfReviews": 22, "ProductType": 3, "Broucher": 1, "Warranty": "2 Year Extended Warranty", "Shipping": "Free installation and maintenance kit", "Specification": [{"label": "Force Capacity", "value": "25 Tons"}, {"label": "Motor Power", "value": "3 HP"}, {"label": "Voltage", "value": "440V"}, {"label": "Phase", "value": "Three Phase"}, {"label": "Weight", "value": "350 Kg"}, {"label": "Automation", "value": "Semi Automatic"}, {"label": "Construction", "value": "Steel Reinforced Body"}], "Application": ["Heavy-duty embossing", "Sheet metal pressing", "Gold & silver stamping", "Artistic metal forming"], "TechnicalAdvantage": ["Accurate force control", "Minimal operator effort", "Reliable for long shifts", "Quick die change"], "RelatedProducts": []}}, {"model": "hiteshApi.product", "pk": 20, "fields": {"Name": "8 Pass Automatic Wire Drawing Machine", "About": "Advanced 8-pass automatic wire drawing machine designed for high-precision wire reduction in gold and silver processing, featuring robust construction and efficient operation.", "Model": "HMI - 8 Pass Jewellery Wire Drawing Machine", "Sku": "HMI-8P-WD-004", "Rating": "4.9", "Tag": "Automatic", "Price": "75999", "OrignalPrice": "84999", "Image": "product_hero/HMI_8-3.png", "KeyFeatures": ["feature1", "feature2"], "NoOfReviews": 5, "ProductType": 2, "Broucher": 1, "Warranty": "1 Year Warranty", "Shipping": "Free shipping", "Specification": [{"label": "Die", "value": "8 Dies Holder"}, {"label": "Motor", "value": "2H.P Single/Three Phase Motor"}, {"label": "Coolant", "value": "Automatic Water coolant system"}, {"label": "VFD", "value": "VFD controller"}, {"label": "Electrical Fittings", "value": "Branded electrical fittings"}, {"label": "Dimensions", "value": "47 x 28 x 53 inches"}, {"label": "Weight", "value": "300kg"}], "Application": ["Jewelry sheet rolling", "Wire rolling and reduction", "Craft and custom metal forming"], "TechnicalAdvantage": ["Compact footprint", "Minimal maintenance required"], "RelatedProducts": []}}, {"model": "hiteshApi.product", "pk": 21, "fields": {"Name": "HMI-6", "About": "The HMI-6 Wire Drawing Machine is a compact, efficient, and reliable solution designed for continuous wire drawing operations. Built with precision and durability in mind, it ensures consistent performance while minimizing maintenance.", "Model": "6 Pass Wire Drawing Machine", "Sku": "HMI-6", "Rating": "7.0", "Tag": "Automatic", "Price": "17000", "OrignalPrice": "19000", "Image": "product_hero/HMI_6-3.png", "KeyFeatures": ["feature1", "feature2"], "NoOfReviews": 5, "ProductType": 2, "Broucher": 1, "Warranty": "1 Year Warranty", "Shipping": "Free shipping", "Specification": [{"label": "Die", "value": "6 Dies Holder"}, {"label": "Motor", "value": "2H.P Single/Three Phase Motor"}, {"label": "Coolant", "value": "Automatic Water coolant system"}, {"label": "VFD", "value": "VFD controller"}, {"label": "Electrical Fittings", "value": "Branded electrical fittings"}, {"label": "Dimensions", "value": "47 x 28 x 53 inches"}, {"label": "Weight", "value": "280kg"}], "Application": ["Jewelry sheet rolling", "Wire rolling and reduction", "Craft and custom metal forming"], "TechnicalAdvantage": ["Compact footprint", "Minimal maintenance required"], "RelatedProducts": []}}, {"model": "hiteshApi.product", "pk": 22, "fields": {"Name": "HMI-12", "About": "A high-performance machine built for heavy-duty wire processing. The\r\nHMI-12 comes with a 12-die holder, a robust 3HP three-phase motor.", "Model": "HMI-12 - 12 Pass Wire Drawing Machine", "Sku": "HMI-12", "Rating": "5.5", "Tag": "Heavy Duty", "Price": "65000", "OrignalPrice": "69000", "Image": "product_hero/HMI12-1.png", "KeyFeatures": ["feature1", "feature2"], "NoOfReviews": 5, "ProductType": 2, "Broucher": 1, "Warranty": "1 Year Warranty", "Shipping": "Free shipping", "Specification": [{"label": "Die", "value": "12 Dies Holder"}, {"label": "Motor", "value": "3H.P Three Phase Motor"}, {"label": "Coolant", "value": "Automatic Water coolant system"}, {"label": "VFD", "value": "VFD controller"}, {"label": "Electrical Fittings", "value": "Branded electrical fittings"}, {"label": "Dimensions", "value": "50 x 28 x 53 inches"}, {"label": "Weight", "value": "350kg"}], "Application": ["Jewelry sheet rolling", "Wire rolling and reduction", "Craft and custom metal forming"], "TechnicalAdvantage": ["Compact footprint", "Minimal maintenance required"], "RelatedProducts": []}}, {"model": "hiteshApi.product", "pk": 23, "fields": {"Name": "HMI - 1D", "About": "Ideal for single-die operations, the HMI-1D is compact and powerful with a\r\n1.5HP motor, VFD control, and sturdy design. Perfect for precise,\r\nheavy-duty wire drawing in smaller batches.", "Model": "HMI - 1D Single Pass Heavy duty Machine", "Sku": "HMI - 1D", "Rating": "5.0", "Tag": "Heavy Duty", "Price": "50000", "OrignalPrice": "55000", "Image": "product_hero/WSS200-3_1.png", "KeyFeatures": ["feature1", "feature2"], "NoOfReviews": 6, "ProductType": 2, "Broucher": 1, "Warranty": "1 Year Warranty", "Shipping": "Free shipping", "Specification": [{"label": "Die", "value": "1 Die Holder"}, {"label": "Motor", "value": "1.5 H.P motor m"}, {"label": "VFD", "value": "VFD controller"}, {"label": "Electrical Fittings", "value": "Branded electrical fittings"}, {"label": "Dimensions", "value": "510 x 540 x 630mm"}, {"label": "Weight", "value": "120 kg"}], "Application": ["Jewelry sheet rolling", "Wire rolling and reduction", "Craft and custom metal forming"], "TechnicalAdvantage": ["Compact footprint", "Minimal maintenance required"], "RelatedProducts": []}}, {"model": "hiteshApi.productdescription", "pk": 1, "fields": {"Product": 1, "Description": "Designed for small to medium-scale operations, this machine delivers excellent performance with its branded components, dual-phase motor, and consistent output over 6 passes. Compact and highly efficient.", "KeyPoints": ["6 Die Holder for precision control", "2 HP Single/Three Phase Motor", "Automatic Water Coolant System", "VFD Controller for speed variation", "Branded Electrical Fittings", "Compact footprint with heavy-duty build"]}}, {"model": "hiteshApi.productdescription", "pk": 2, "fields": {"Product": 3, "Description": "The WS125 is a professional-grade single head rolling machine designed for precision in sheet and wire processing. Its compact form factor and dual phase compatibility make it ideal for space-constrained or mobile operations.", "KeyPoints": ["127 x 63mm precision roller", "1.5 HP motor with Single/Three Phase compatibility", "Branded electrical components for long life", "Compact and durable build", "Easy to operate", "Reliable performance for light to medium load"]}}, {"model": "hiteshApi.productdescription", "pk": 3, "fields": {"Product": 2, "Description": "This industrial-strength machine is designed for high-volume production environments. The double head configuration allows for multiple operations simultaneously, significantly increasing productivity. Built with premium materials and precision engineering for long-term reliability.", "KeyPoints": ["Double head configuration for increased productivity", "Precision-engineered hardened steel rolls", "15HP high-performance motor", "Automatic oil lubrication system", "Heavy-duty construction (1550 Kg)", "Variable speed control with digital display", "Safety interlocks and emergency stops", "Adjustable roll pressure system"]}}, {"model": "hiteshApi.productdescription", "pk": 4, "fields": {"Product": 4, "Description": "Built with a robust hydraulic pump and 2 HP motor, this press is ideal for gold and silver embossing and stamping applications. Heavy-duty frame construction ensures reliable long-term use.", "KeyPoints": ["2 HP electric motor", "Heavy-duty construction", "Precision pressing control", "Compact and portable design", "Low maintenance"]}}, {"model": "hiteshApi.productdescription", "pk": 5, "fields": {"Product": 6, "Description": "The WS125 model offers a reliable solution for small to medium jewelry manufacturers. Its compact design, quality rollers, and dual-phase compatibility make it a preferred choice for precision rolling of gold and silver sheets or wires.", "KeyPoints": ["127 x 63mm (5” x 2.5”) hardened steel roll", "1.5 HP Single/Three Phase motor", "Branded electrical components", "Space-saving vertical design", "User-friendly operation", "Semi-automatic control", "Compact and portable structure"]}}, {"model": "hiteshApi.productdescription", "pk": 6, "fields": {"Product": 5, "Description": "This manual bench draw machine is built with a solid base and precision alignment to offer exceptional control for pulling gold and silver wires. Optional motorization available.", "KeyPoints": ["10-foot length", "Durable base structure", "Smooth pulling action", "Customizable with motor", "Low maintenance"]}}, {"model": "hiteshApi.productdescription", "pk": 7, "fields": {"Product": 7, "Description": "Perfect for workshops needing both wire and sheet rolling. Two-head mechanism improves workflow and versatility.", "KeyPoints": ["Dual roller heads", "Efficient 2 HP motor", "Compact footprint", "Branded electricals", "Balanced design for durability"]}}, {"model": "hiteshApi.productdescription", "pk": 8, "fields": {"Product": 8, "Description": "The WSD125 is purpose-built for advanced jewelry chain-making needs, offering high-precision rolls shaped for square, triangle, and hollow profiles. VFD control ensures smooth operation and precise output quality, making it ideal for both artisan and industrial use.", "KeyPoints": ["125 x 63mm profile rolls (Square/Triangle/Half Round)", "2 HP Single/Three Phase motor", "Variable Frequency Drive (VFD) for speed control", "Branded electrical components", "Double head design for high output", "Precision profile forming", "Compact and sturdy structure"]}}, {"model": "hiteshApi.productdescription", "pk": 9, "fields": {"Product": 9, "Description": "Built with a stronger frame and wider roller mounts for precise dual-mode operation. Great for continuous light industrial usage.", "KeyPoints": ["Heavy-duty cast structure", "Precision ground rollers", "Branded electrics", "Dual mode wire & sheet handling", "Durable for industrial use"]}}, {"model": "hiteshApi.productdescription", "pk": 10, "fields": {"Product": 10, "Description": "Best for heavier sheet or thicker wire applications, this model offers stability, precision, and industrial-grade performance.", "KeyPoints": ["Larger 6” x 3” roller", "Durable 2 HP motor", "Branded electricals", "Precision roller alignment", "Heavy build for consistent pressure"]}}, {"model": "hiteshApi.productdescription", "pk": 11, "fields": {"Product": 11, "Description": "Fitted with hardened D3 rollers and a high-torque motor, SD150 delivers efficient performance across gold, silver, and harder alloys.", "KeyPoints": ["3 HP industrial motor", "Double roller design", "D3 Roll Material", "Branded electricals", "Solid and vibration-free"]}}, {"model": "hiteshApi.productdescription", "pk": 12, "fields": {"Product": 12, "Description": "Designed for workshops requiring speed, strength, and lubrication automation, this machine delivers precision for wire and sheet rolling.", "KeyPoints": ["Dual speed motor (3.5HP/5HP)", "Auto oil lubrication system", "Heavy-duty frame", "Branded electricals", "Stable performance"]}}, {"model": "hiteshApi.productdescription", "pk": 13, "fields": {"Product": 13, "Description": "Ideal for workshops that require consistent high-speed rolling with minimal maintenance, offering dual speed motor and hardened rollers.", "KeyPoints": ["Dual speed 3.5/5 HP motor", "Automatic oiling system", "Heavy structure", "Single head precision", "Branded electricals"]}}, {"model": "hiteshApi.productdescription", "pk": 14, "fields": {"Product": 14, "Description": "Heavy-duty build for continuous operation. Supports multiple wire roll size options and ideal for precious metals.", "KeyPoints": ["Roller size support: 12mm–0.7mm, 8mm–0.7mm", "Dual-speed motor (5HP/7.5HP)", "Branded electrics", "Automatic lubrication system", "Sturdy heavy structure"]}}, {"model": "hiteshApi.productdescription", "pk": 15, "fields": {"Product": 15, "Description": "Industrial-grade machine designed for high-performance rolling in gold and silver industries. Handles thick wires and sheets with precision.", "KeyPoints": ["Multiple roll sizes supported", "Heavy cast iron body", "Dual-head functionality", "Branded electricals", "Vibration-resistant foundation"]}}, {"model": "hiteshApi.productdescription", "pk": 16, "fields": {"Product": 16, "Description": "Engineered for durability and industrial-grade productivity, this machine is ideal for continuous sheet rolling in metal workshops.", "KeyPoints": ["12.5 HP three phase motor", "Auto oil lubrication system", "Durable cast iron frame", "Precision hardened rollers", "Low RPM for accurate rolling"]}}, {"model": "hiteshApi.productdescription", "pk": 17, "fields": {"Product": 17, "Description": "Made for large-scale operations, SS300 provides precision rolling with a powerful 10HP motor and durable components for long-term use.", "KeyPoints": ["Wide roller capacity", "Auto lubrication system", "Branded heavy-duty electricals", "Stable at 32 RPM", "High-efficiency three phase motor"]}}, {"model": "hiteshApi.productdescription", "pk": 18, "fields": {"Product": 18, "Description": "Built with a robust hydraulic pump and 2 HP motor, this press is ideal for gold and silver embossing and stamping applications. Heavy-duty frame construction ensures reliable long-term use.", "KeyPoints": ["2 HP electric motor", "Heavy-duty construction", "Precision pressing control", "Compact and portable design", "Low maintenance"]}}, {"model": "hiteshApi.productdescription", "pk": 19, "fields": {"Product": 19, "Description": "Equipped with a heavy-duty hydraulic pump and 3 HP motor, this press ensures high pressure precision pressing with safety and efficiency in high-volume workflows.", "KeyPoints": ["25-ton hydraulic force", "3 HP branded electric motor", "Heavy-duty pump system", "Precision pressure adjustment", "Durable construction"]}}, {"model": "hiteshApi.productdescription", "pk": 20, "fields": {"Product": 20, "Description": "This state-of-the-art wire drawing machine incorporates advanced automation technology to deliver consistent, high-quality wire reduction. The 8-pass system allows for significant diameter reduction while maintaining material integrity and surface finish.", "KeyPoints": [{"label": "Die", "value": "8 Dies Holder"}, {"label": "Motor", "value": "2H.P Single/Three Phase Motor"}, {"label": "Coolant", "value": "Automatic Water coolant system"}, {"label": "VFD", "value": "VFD controller"}, {"label": "Electrical Fittings", "value": "Branded electrical fittings"}, {"label": "Dimensions", "value": "47 x 28 x 53 inches"}, {"label": "Weight", "value": "300kg"}]}}, {"model": "hiteshApi.productdescription", "pk": 21, "fields": {"Product": 21, "Description": "The HMI-6 Wire Drawing Machine is a compact, efficient, and reliable solution designed for continuous wire drawing operations. Built with precision and durability in mind, it ensures consistent performance while minimizing maintenance.", "KeyPoints": [{"label": "Die", "value": "6 Dies Holder"}, {"label": "Motor", "value": "2H.P Single/Three Phase Motor"}, {"label": "Coolant", "value": "Automatic Water coolant system"}, {"label": "VFD", "value": "VFD controller"}, {"label": "Electrical Fittings", "value": "Branded electrical fittings"}, {"label": "Dimensions", "value": "47 x 28 x 53 inches"}, {"label": "Weight", "value": "280kg"}]}}, {"model": "hiteshApi.productdescription", "pk": 22, "fields": {"Product": 22, "Description": "The 12 Pass Wire Drawing Machine is designed for high-performance wire drawing operations, combining power, precision, and durability. Equipped with a 3 H.P Three Phase Motor and a 12-die holder, it ensures efficient production with consistent output quality.", "KeyPoints": [{"label": "Die", "value": "12 Dies Holder"}, {"label": "Motor", "value": "3H.P Three Phase Motor"}, {"label": "Coolant", "value": "Automatic Water coolant system"}, {"label": "VFD", "value": "VFD controller"}, {"label": "Electrical Fittings", "value": "Branded electrical fittings"}, {"label": "Dimensions", "value": "50 x 28 x 53 inches"}, {"label": "Weight", "value": "350kg"}]}}, {"model": "hiteshApi.productdescription", "pk": 23, "fields": {"Product": 23, "Description": "The Single Die Wire Drawing Machine is a compact and efficient solution designed for small-scale and precise wire drawing operations. Equipped with a 1.5 H.P motor, this machine ensures reliable performance with low power consumption. Its 1 Die Holder provides consistent wire drawing quality, while the VFD controller allows smooth speed regulation for different production needs.", "KeyPoints": [{"label": "Die", "value": "1 Die Holder"}, {"label": "Motor", "value": "1.5 H.P motor m"}, {"label": "VFD", "value": "VFD controller"}, {"label": "Electrical Fittings", "value": "Branded electrical fittings"}, {"label": "Dimensions", "value": "510 x 540 x 630mm"}, {"label": "Weight", "value": "120 kg"}]}}, {"model": "hiteshApi.productimage", "pk": 1, "fields": {"Product": 1, "Image": "product_images/HMI_6-1.jpg"}}, {"model": "hiteshApi.productimage", "pk": 2, "fields": {"Product": 1, "Image": "product_images/HMI_6-2.jpg"}}, {"model": "hiteshApi.productimage", "pk": 3, "fields": {"Product": 1, "Image": "product_images/HMI_6-3.jpg"}}, {"model": "hiteshApi.productimage", "pk": 4, "fields": {"Product": 2, "Image": "product_images/WSD125-2.jpg"}}, {"model": "hiteshApi.productimage", "pk": 5, "fields": {"Product": 3, "Image": "product_images/WS125-1.jpg"}}, {"model": "hiteshApi.productimage", "pk": 6, "fields": {"Product": 2, "Image": "product_images/WSD125-3.jpg"}}, {"model": "hiteshApi.productimage", "pk": 7, "fields": {"Product": 3, "Image": "product_images/WS125-2.jpg"}}, {"model": "hiteshApi.productimage", "pk": 8, "fields": {"Product": 3, "Image": "product_images/WS125-3.jpg"}}, {"model": "hiteshApi.productimage", "pk": 9, "fields": {"Product": 4, "Image": "product_images/HMI_6-1.png"}}, {"model": "hiteshApi.productimage", "pk": 10, "fields": {"Product": 6, "Image": "product_images/WS125-1.png"}}, {"model": "hiteshApi.productimage", "pk": 11, "fields": {"Product": 7, "Image": "product_images/WD125-1.png"}}, {"model": "hiteshApi.productimage", "pk": 12, "fields": {"Product": 8, "Image": "product_images/WSD125-1.png"}}, {"model": "hiteshApi.productimage", "pk": 13, "fields": {"Product": 9, "Image": "product_images/SD125-1.png"}}, {"model": "hiteshApi.productimage", "pk": 14, "fields": {"Product": 10, "Image": "product_images/SS300-1.png"}}, {"model": "hiteshApi.productimage", "pk": 15, "fields": {"Product": 11, "Image": "product_images/SD150-2_2.png"}}, {"model": "hiteshApi.productimage", "pk": 16, "fields": {"Product": 12, "Image": "product_images/SD6x4-1.png"}}, {"model": "hiteshApi.productimage", "pk": 17, "fields": {"Product": 13, "Image": "product_images/WSS125-1.png"}}, {"model": "hiteshApi.productimage", "pk": 18, "fields": {"Product": 14, "Image": "product_images/WSS200-1.png"}}, {"model": "hiteshApi.productimage", "pk": 19, "fields": {"Product": 15, "Image": "product_images/SD200-1.png"}}, {"model": "hiteshApi.productimage", "pk": 20, "fields": {"Product": 16, "Image": "product_images/SD8X6-1.png"}}, {"model": "hiteshApi.productimage", "pk": 21, "fields": {"Product": 17, "Image": "product_images/SS300-1_ayR1o3V.png"}}, {"model": "hiteshApi.productimage", "pk": 22, "fields": {"Product": 18, "Image": "product_images/SD8X6-2.png"}}, {"model": "hiteshApi.productimage", "pk": 23, "fields": {"Product": 19, "Image": "product_images/SD6x4-2.png"}}, {"model": "hiteshApi.productimage", "pk": 24, "fields": {"Product": 20, "Image": "product_images/HMI_8-3.png"}}, {"model": "hiteshApi.productimage", "pk": 25, "fields": {"Product": 21, "Image": "product_images/HMI_6-3.png"}}, {"model": "hiteshApi.productimage", "pk": 26, "fields": {"Product": 22, "Image": "product_images/HMI12-1.png"}}, {"model": "hiteshApi.productimage", "pk": 27, "fields": {"Product": 23, "Image": "product_images/WSS200-3_1.png"}}, {"model": "hiteshApi.baseurl", "pk": 1, "fields": {"url": "https://backend.malviyarollingmill.com"}}, {"model": "hiteshApi.blog", "pk": 1, "fields": {"writer": "Nihil", "title": "This is blog tilte to test the typrography and integratoi for the blog componnet and i will do it on my own.", "image_sq": "blog/images/sq1.png", "image_hr": "blog/images/hor1.png", "discription": "A jewelry rolling machine, or rolling mill, is a mechanical tool that uses two or more hardened steel rollers to compress and reshape metal at room temperature, a process called cold rolling. It's essential for transforming raw metal into uniform sheets or wires of specific thickness and for imparting textures, making it a versatile instrument for various jewelry-making techniques", "text": "{\"delta\":\"{\\\"ops\\\":[{\\\"insert\\\":\\\"A jewelry rolling machine, or rolling mill, is a mechanical tool that uses two or more hardened steel rollers to compress and reshape metal at room temperature, a process called cold rolling. It's essential for transforming raw metal into uniform sheets or wires of specific thickness and for imparting textures, making it a versatile instrument for various jewelry-making techniques\\\\n\\\\nA jewelry rolling machine, or rolling mill, is a mechanical tool that uses two or more hardened steel rollers to compress and reshape metal at room temperature, a process called cold rolling. It's essential for transforming raw metal into uniform sheets or wires of specific thickness and for imparting textures, making it a versatile instrument for various jewelry-making techniques\\\\n\\\\nA jewelry rolling machine, or rolling mill, is a mechanical tool that uses two or more hardened steel rollers to compress and reshape metal at room temperature, a process called cold rolling. It's essential for transforming raw metal into uniform sheets or wires of specific thickness and for imparting textures, making it a versatile instrument for various jewelry-making techniques\\\\n\\\\nA jewelry rolling machine, or rolling mill, is a mechanical tool that uses two or more hardened steel rollers to compress and reshape metal at room temperature, a process called cold rolling. It's essential for transforming raw metal into uniform sheets or wires of specific thickness and for imparting textures, making it a versatile instrument for various jewelry-making techniques\\\\n\\\"}]}\",\"html\":\"<p>A jewelry rolling machine, or rolling mill, is a mechanical tool that uses two or more hardened steel rollers to compress and reshape metal at room temperature, a process called cold rolling. It's essential for transforming raw metal into uniform sheets or wires of specific thickness and for imparting textures, making it a versatile instrument for various jewelry-making techniques</p><p><br></p><p>A jewelry rolling machine, or rolling mill, is a mechanical tool that uses two or more hardened steel rollers to compress and reshape metal at room temperature, a process called cold rolling. It's essential for transforming raw metal into uniform sheets or wires of specific thickness and for imparting textures, making it a versatile instrument for various jewelry-making techniques</p><p><br></p><p>A jewelry rolling machine, or rolling mill, is a mechanical tool that uses two or more hardened steel rollers to compress and reshape metal at room temperature, a process called cold rolling. It's essential for transforming raw metal into uniform sheets or wires of specific thickness and for imparting textures, making it a versatile instrument for various jewelry-making techniques</p><p><br></p><p>A jewelry rolling machine, or rolling mill, is a mechanical tool that uses two or more hardened steel rollers to compress and reshape metal at room temperature, a process called cold rolling. It's essential for transforming raw metal into uniform sheets or wires of specific thickness and for imparting textures, making it a versatile instrument for various jewelry-making techniques</p>\"}", "created_at": "2025-09-10"}}, {"model": "hiteshApi.blog", "pk": 2, "fields": {"writer": "Harsh", "title": "Revolutionizing Jewelry Manufacturing with Precision Machinery", "image_sq": "blog/images/sq2.png", "image_hr": "blog/images/hor2.png", "discription": "In today’s fast-paced jewelry industry, precision, automation, and durability are essential for maintaining quality and meeting demand. At Hitesh Malviya Industries, we specialize in manufacturing high-performance jewelry machinery designed to transform traditional production methods.", "text": "{\"delta\":\"{\\\"ops\\\":[{\\\"insert\\\":\\\"In today’s fast-paced jewelry industry, precision, automation, and durability are essential for maintaining quality and meeting demand. At Hitesh Malviya Industries, we specialize in manufacturing high-performance jewelry machinery designed to transform traditional production methods.\\\\n\\\\nOur rolling mills and wire drawing machines are engineered with micron-level accuracy, delivering flawless results for gold, silver, and alloy processing. Each machine is constructed using heavy-duty materials to ensure long-lasting performance, even under continuous operation.\\\\n\\\\nBy integrating semi-automatic and motorized systems, we bridge the gap between craftsmanship and technology. Our machines feature smart control systems that increase productivity while minimizing manual labor—making them ideal for modern jewelers.\\\\n\\\\nWith over 25 years of experience, we offer customized machinery solutions tailored to specific manufacturing needs. Whether you're a small workshop or a large-scale factory, our equipment is built to improve efficiency and reduce production time.\\\\n\\\\nWe also provide global support, including shipping, on-site installation, and after-sales service to ensure seamless operation across borders.\\\\n\\\\nWhy Choose Us?\\\\n\\\\n✅ Precision-built jewelry machinery\\\\n🛠️ Crafted with micron-level accuracy for flawless results.\\\\n\\\\n💪 Durable and reliable design\\\\n🔩 Built to withstand continuous, heavy-duty use.\\\\n\\\\n⚙️ Automation for efficient production\\\\n📈 Boosts productivity with minimal manual effort.\\\\n\\\\n🧩 Custom solutions for all scales\\\\n🏭 Tailored machines for small workshops to large factories.\\\\n\\\\n🌍 Worldwide shipping and support\\\\n🚚 Global delivery, installation, and after-sales service.\\\\n\\\\nReady to upgrade your jewelry manufacturing process?\\\\nExplore our advanced machinery solutions at Hitesh Malviya Industries and experience the difference that precision and performance can make.\\\\n\\\"}]}\",\"html\":\"<p>In today’s fast-paced jewelry industry, precision, automation, and durability are essential for maintaining quality and meeting demand. At Hitesh Malviya Industries, we specialize in manufacturing high-performance jewelry machinery designed to transform traditional production methods.</p><p><br></p><p>Our rolling mills and wire drawing machines are engineered with micron-level accuracy, delivering flawless results for gold, silver, and alloy processing. Each machine is constructed using heavy-duty materials to ensure long-lasting performance, even under continuous operation.</p><p><br></p><p>By integrating semi-automatic and motorized systems, we bridge the gap between craftsmanship and technology. Our machines feature smart control systems that increase productivity while minimizing manual labor—making them ideal for modern jewelers.</p><p><br></p><p>With over 25 years of experience, we offer customized machinery solutions tailored to specific manufacturing needs. Whether you're a small workshop or a large-scale factory, our equipment is built to improve efficiency and reduce production time.</p><p><br></p><p>We also provide global support, including shipping, on-site installation, and after-sales service to ensure seamless operation across borders.</p><p><br></p><p>Why Choose Us?</p><p><br></p><p>✅ Precision-built jewelry machinery</p><p>🛠️ Crafted with micron-level accuracy for flawless results.</p><p><br></p><p>💪 Durable and reliable design</p><p>🔩 Built to withstand continuous, heavy-duty use.</p><p><br></p><p>⚙️ Automation for efficient production</p><p>📈 Boosts productivity with minimal manual effort.</p><p><br></p><p>🧩 Custom solutions for all scales</p><p>🏭 Tailored machines for small workshops to large factories.</p><p><br></p><p>🌍 Worldwide shipping and support</p><p>🚚 Global delivery, installation, and after-sales service.</p><p><br></p><p>Ready to upgrade your jewelry manufacturing process?</p><p>Explore our advanced machinery solutions at Hitesh Malviya Industries and experience the difference that precision and performance can make.</p>\"}", "created_at": "2025-09-10"}}, {"model": "hiteshApi.clientlogo", "pk": 1, "fields": {"image": "client_logos/1.jpg", "index": 1}}, {"model": "hiteshApi.clientlogo", "pk": 2, "fields": {"image": "client_logos/2.jpg", "index": 2}}, {"model": "hiteshApi.clientlogo", "pk": 3, "fields": {"image": "client_logos/3.jpg", "index": 3}}, {"model": "hiteshApi.clientlogo", "pk": 4, "fields": {"image": "client_logos/4.jpg", "index": 4}}, {"model": "hiteshApi.clientlogo", "pk": 5, "fields": {"image": "client_logos/5.jpg", "index": 5}}, {"model": "hiteshApi.testimonial", "pk": 1, "fields": {"name": "Nikhil", "position": "Designer", "company": "Tanishq", "image": "testimonials/Upcoming-Invoice-Agent.jpg", "content": "So good to use heavy duty material and their commitment to quality and timely delivery has been exceptional.", "rating": 4}}, {"model": "hiteshApi.testimonial", "pk": 2, "fields": {"name": "Khushi", "position": "Designer", "company": "Acme Solutions", "image": "testimonials/user1.jpg", "content": "The precision and attention to detail in their manufacturing process is outstanding. We couldn't be happier with the results.", "rating": 5}}, {"model": "hiteshApi.heroimages", "pk": 1, "fields": {"image": "banner/New_Project_8.jpg", "index": 1}}, {"model": "hiteshApi.heroimages", "pk": 2, "fields": {"image": "banner/New_Project_7.jpg", "index": 2}}, {"model": "hiteshApi.heroimages", "pk": 3, "fields": {"image": "banner/New_Project_6.jpg", "index": 3}}, {"model": "hiteshApi.homevideo", "pk": 1, "fields": {"video": "homeVideo/videos/Hitesh_KPeEl8T.mp4", "fallback": "homeVideo/fallback/hitesh_1.jpg"}}, {"model": "hiteshApi.gallery", "pk": 1, "fields": {"image": "gallery/SS300-3.jpg", "ProductType": 1, "index": 1}}, {"model": "hiteshApi.gallery", "pk": 2, "fields": {"image": "gallery/WSD125-2.jpg", "ProductType": 2, "index": 2}}, {"model": "hiteshApi.gallery", "pk": 3, "fields": {"image": "gallery/SD6x4-4.jpg", "ProductType": 2, "index": 3}}]